Workbook

Sheet 테이블 리스트
B1: CRBN
B2: CRBN_ISSU | C2: 이슈 | D2: 미
B3: CRBN_ENV_NEWS | C3: 환경뉴스
B4: CRBN_HOT_NEWS | C4: 기관 핫뉴스
B5: CRBN_EVENT_INFO | C5: 이벤트
B6: CRBN_EVENT_WITH | C6: 이벤트 참여이력
B7: CRBN_WINNER | C7: 당첨자
B8: CRBN_ADVERTISE | C8: 광고
B9: CRBN_NOTICE | C9: 공지사항 | D9: ok
B10: CRBN_QNA | C10: 일대일문의하기
B11: CRBN_FAQ | C11: 자주묻는 질문

Sheet 이슈
B3: ='테이블 리스트'!B2 -> CRBN_ISSU | C3: ='테이블 리스트'!C2 -> 이슈 | J3: ="CREATE TABLE " & B3 -> CREATE TABLE CRBN_ISSU
B4: 항목명 | C4: 코멘트 | D4: 타입 | E4: 길이 | F4: NULL | G4: PK | H4: 유니크 | J4: ="(" -> (
B5: DOC_SEQ | C5: 순번 | D5: SMALLINT | F5: N | G5: Y | J5: =" " &B5 & " " & D5 & IF(E5<>"","("&E5&") "," ") & IF(F5="N","NOT NULL ","")&" primary key auto_increment COMMENT " & " '" & C5 & "'" -> DOC_SEQ SMALLINT NOT NULL primary key auto_increment COMMENT '순번'
B6: PARTY_CD | C6: 소속코드 | D6: VARCHAR | E6: 20 | F6: N | J6: =" ,"&B6&" "&D6&" " & IF(E6<>"","("&E6&") "," ") & IF(F6="N","NOT NULL ","") &" COMMENT "&" '"&C6&"'" -> ,PARTY_CD VARCHAR (20) NOT NULL COMMENT '소속코드'
B7: DOC_TITLE | C7: 문서제목 | D7: VARCHAR | E7: 200 | F7: N | J7: =" ,"&B7&" "&D7&" " & IF(E7<>"","("&E7&") "," ") & IF(F7="N","NOT NULL ","") &" COMMENT "&" '"&C7&"'" -> ,DOC_TITLE VARCHAR (200) NOT NULL COMMENT '문서제목'
B8: IMG_NAIL_NM | C8: 이미지네일 이름 | D8: VARCHAR | E8: 200 | F8: N | J8: =" ,"&B8&" "&D8&" " & IF(E8<>"","("&E8&") "," ") & IF(F8="N","NOT NULL ","") &" COMMENT "&" '"&C8&"'" -> ,IMG_NAIL_NM VARCHAR (200) NOT NULL COMMENT '이미지네일 이름'
B9: DOC_LINK | C9: 문서링크 | D9: VARCHAR | E9: 100 | F9: N | J9: =" ,"&B9&" "&D9&" " & IF(E9<>"","("&E9&") "," ") & IF(F9="N","NOT NULL ","") &" COMMENT "&" '"&C9&"'" -> ,DOC_LINK VARCHAR (100) NOT NULL COMMENT '문서링크'
B10: DOC_STAT | C10: 문서상태(N:등록, V:게시, C:게시취소) | D10: VARCHAR | E10: 1 | F10: N | J10: =" ,"&B10&" "&D10&" " & IF(E10<>"","("&E10&") "," ") & IF(F10="N","NOT NULL DEFAULT 'N' ","") &" COMMENT "&" '"&C10&"'" -> ,DOC_STAT VARCHAR (1) NOT NULL DEFAULT 'N' COMMENT '문서상태(N:등록, V:게시, C:게시취소)'
B11: REG_ID | C11: 등록자ID | D11: VARCHAR | E11: 20 | F11: N | J11: =" ,"&B11&" "&D11&" " & IF(E11<>"","("&E11&") "," ") & IF(F11="N","NOT NULL ","") &" COMMENT "&" '"&C11&"'" -> ,REG_ID VARCHAR (20) NOT NULL COMMENT '등록자ID'
B12: CRE_DTM | C12: 생성일시 | D12: DATETIME | F12: N | J12: =" ,"&B12&" "&D12&" " & IF(E12<>"","("&E12&") "," ") & IF(F12="N","NOT NULL DEFAULT CURRENT_TIMESTAMP ","") &" COMMENT "&" '"&C12&"'" -> ,CRE_DTM DATETIME NOT NULL DEFAULT CURRENT_TIMESTAMP COMMENT '생성일시'
B13: SHOW_ID | C13: 게시 아이디 | D13: VARCHAR | E13: 20 | J13: =" ,"&B13&" "&D13&" " & IF(E13<>"","("&E13&") "," ") & IF(F13="N","NOT NULL ","") &" COMMENT "&" '"&C13&"'" -> ,SHOW_ID VARCHAR (20) COMMENT '게시 아이디'
B14: SHOW_DTM | C14: 게시일시 | D14: DATETIME | J14: =" ,"&B14&" "&D14&" " & IF(E14<>"","("&E14&") "," ") & IF(F14="N","NOT NULL ","") &" COMMENT "&" '"&C14&"'" -> ,SHOW_DTM DATETIME COMMENT '게시일시'
B15: CANCEL_ID | C15: 게시취소 아이디 | D15: VARCHAR | E15: 20 | J15: =" ,"&B15&" "&D15&" " & IF(E15<>"","("&E15&") "," ") & IF(F15="N","NOT NULL ","") &" COMMENT "&" '"&C15&"'" -> ,CANCEL_ID VARCHAR (20) COMMENT '게시취소 아이디'
B16: CANCEL_DTM | C16: 게시취소일시 | D16: DATETIME | J16: =" ,"&B16&" "&D16&" " & IF(E16<>"","("&E16&") "," ") & IF(F16="N","NOT NULL ","") &" COMMENT "&" '"&C16&"'" -> ,CANCEL_DTM DATETIME COMMENT '게시취소일시'
J17: =")" -> )
J18: ="COMMENT = '" &C3& "'; " -> COMMENT = '이슈';

Sheet 환경뉴스
B3: ='테이블 리스트'!B3 -> CRBN_ENV_NEWS | C3: ='테이블 리스트'!C3 -> 환경뉴스 | J3: ="CREATE TABLE " & B3 -> CREATE TABLE CRBN_ENV_NEWS
B4: 항목명 | C4: 코멘트 | D4: 타입 | E4: 길이 | F4: NULL | G4: PK | H4: 유니크 | J4: ="(" -> (
B5: DOC_SEQ | C5: 문서순번 | D5: INT | F5: N | G5: Y | J5: =" " &B5 & " " & D5 & IF(E5<>"","("&E5&") "," ") & IF(F5="N","NOT NULL ","")&" primary key auto_increment COMMENT " & " '" & C5 & "'" -> DOC_SEQ INT NOT NULL primary key auto_increment COMMENT '문서순번'
B6: PARTY_CD | C6: 소속코드 | D6: VARCHAR | E6: 20 | F6: N | J6: =" ,"&B6&" "&D6&" " & IF(E6<>"","("&E6&") "," ") & IF(F6="N","NOT NULL ","") &" COMMENT "&" '"&C6&"'" -> ,PARTY_CD VARCHAR (20) NOT NULL COMMENT '소속코드'
B7: DOC_TITLE | C7: 제목 | D7: VARCHAR | E7: 200 | F7: N | J7: =" ,"&B7&" "&D7&" " & IF(E7<>"","("&E7&") "," ") & IF(F7="N","NOT NULL ","") &" COMMENT "&" '"&C7&"'" -> ,DOC_TITLE VARCHAR (200) NOT NULL COMMENT '제목'
B8: IMG_SRC_NM | C8: 이미지 원래이름 | D8: VARCHAR | E8: 200 | F8: N | J8: =" ,"&B8&" "&D8&" " & IF(E8<>"","("&E8&") "," ") & IF(F8="N","NOT NULL ","") &" COMMENT "&" '"&C8&"'" -> ,IMG_SRC_NM VARCHAR (200) NOT NULL COMMENT '이미지 원래이름'
B9: IMG_NAIL_NM | C9: 이미지네일이름 | D9: VARCHAR | E9: 200 | F9: N | J9: =" ,"&B9&" "&D9&" " & IF(E9<>"","("&E9&") "," ") & IF(F9="N","NOT NULL ","") &" COMMENT "&" '"&C9&"'" -> ,IMG_NAIL_NM VARCHAR (200) NOT NULL COMMENT '이미지네일이름'
B10: DOC_INFO | C10: 문서내용 | D10: MEDIUMTEXT | J10: =" ,"&B10&" "&D10&" " & IF(E10<>"","("&E10&") "," ") & IF(F10="N","NOT NULL ","") &" COMMENT "&" '"&C10&"'" -> ,DOC_INFO MEDIUMTEXT COMMENT '문서내용'
B11: DOC_FROM | C11: 문서 출처 | D11: VARCHAR | E11: 200 | J11: =" ,"&B11&" "&D11&" " & IF(E11<>"","("&E11&") "," ") & IF(F11="N","NOT NULL ","") &" COMMENT "&" '"&C11&"'" -> ,DOC_FROM VARCHAR (200) COMMENT '문서 출처'
B12: DOC_URL | C12: 문서 URL | D12: VARCHAR | E12: 200 | J12: =" ,"&B12&" "&D12&" " & IF(E12<>"","("&E12&") "," ") & IF(F12="N","NOT NULL ","") &" COMMENT "&" '"&C12&"'" -> ,DOC_URL VARCHAR (200) COMMENT '문서 URL'
B13: DOC_READ | C13: 읽은건수 | D13: INT | J13: =" ,"&B13&" "&D13&" " & IF(E13<>"","("&E13&") "," ") & IF(F13="N","NOT NULL ","") &" DEFAULT 0 COMMENT "&" '"&C13&"'" -> ,DOC_READ INT DEFAULT 0 COMMENT '읽은건수'
B14: DOC_RCMND | C14: 추천해요 건수 | D14: INT | J14: =" ,"&B14&" "&D14&" " & IF(E14<>"","("&E14&") "," ") & IF(F14="N","NOT NULL ","") &" DEFAULT 0 COMMENT "&" '"&C14&"'" -> ,DOC_RCMND INT DEFAULT 0 COMMENT '추천해요 건수'
B15: DOC_LIKE | C15: 좋아요 건수 | D15: INT | J15: =" ,"&B15&" "&D15&" " & IF(E15<>"","("&E15&") "," ") & IF(F15="N","NOT NULL ","") &" DEFAULT 0 COMMENT "&" '"&C15&"'" -> ,DOC_LIKE INT DEFAULT 0 COMMENT '좋아요 건수'
B16: DOC_SAD | C16: 슬퍼요 건수 | D16: INT | J16: =" ,"&B16&" "&D16&" " & IF(E16<>"","("&E16&") "," ") & IF(F16="N","NOT NULL ","") &" DEFAULT 0 COMMENT "&" '"&C16&"'" -> ,DOC_SAD INT DEFAULT 0 COMMENT '슬퍼요 건수'
B17: DOC_ANGRY | C17: 화나요 건수 | D17: INT | J17: =" ,"&B17&" "&D17&" " & IF(E17<>"","("&E17&") "," ") & IF(F17="N","NOT NULL ","") &" DEFAULT 0 COMMENT "&" '"&C17&"'" -> ,DOC_ANGRY INT DEFAULT 0 COMMENT '화나요 건수'
B18: DOC_STAT | C18: 문서상태(N:등록, V:게시, C:게시취소) | D18: VARCHAR | E18: 1 | F18: N | J18: =" ,"&B18&" "&D18&" " & IF(E18<>"","("&E18&") "," ") & IF(F18="N","NOT NULL DEFAULT 'N' ","") &" COMMENT "&" '"&C18&"'" -> ,DOC_STAT VARCHAR (1) NOT NULL DEFAULT 'N' COMMENT '문서상태(N:등록, V:게시, C:게시취소)'
B19: REG_ID | C19: 등록자ID | D19: VARCHAR | E19: 20 | J19: =" ,"&B19&" "&D19&" " & IF(E19<>"","("&E19&") "," ") & IF(F19="N","NOT NULL ","") &" COMMENT "&" '"&C19&"'" -> ,REG_ID VARCHAR (20) COMMENT '등록자ID'
B20: REG_DTM | C20: 생성일시 | D20: DATETIME | F20: N | J20: =" ,"&B20&" "&D20&" " & IF(E20<>"","("&E20&") "," ") & IF(F20="N","NOT NULL DEFAULT CURRENT_TIMESTAMP ","") &" COMMENT "&" '"&C20&"'" -> ,REG_DTM DATETIME NOT NULL DEFAULT CURRENT_TIMESTAMP COMMENT '생성일시'
B21: SHOW_ID | C21: 게시 아이디 | D21: VARCHAR | E21: 20 | J21: =" ,"&B21&" "&D21&" " & IF(E21<>"","("&E21&") "," ") & IF(F21="N","NOT NULL ","") &" COMMENT "&" '"&C21&"'" -> ,SHOW_ID VARCHAR (20) COMMENT '게시 아이디'
B22: SHOW_DTM | C22: 게시일시 | D22: DATETIME | J22: =" ,"&B22&" "&D22&" " & IF(E22<>"","("&E22&") "," ") & IF(F22="N","NOT NULL ","") &" COMMENT "&" '"&C22&"'" -> ,SHOW_DTM DATETIME COMMENT '게시일시'
B23: CANCEL_ID | C23: 게시취소 아이디 | D23: VARCHAR | E23: 20 | J23: =" ,"&B23&" "&D23&" " & IF(E23<>"","("&E23&") "," ") & IF(F23="N","NOT NULL ","") &" COMMENT "&" '"&C23&"'" -> ,CANCEL_ID VARCHAR (20) COMMENT '게시취소 아이디'
B24: CANCEL_DTM | C24: 게시취소일시 | D24: DATETIME | J24: =" ,"&B24&" "&D24&" " & IF(E24<>"","("&E24&") "," ") & IF(F24="N","NOT NULL ","") &" COMMENT "&" '"&C24&"'" -> ,CANCEL_DTM DATETIME COMMENT '게시취소일시'
B25: DEL_ID | C25: 삭제 아이디 | D25: VARCHAR | E25: 20 | J25: =" ,"&B25&" "&D25&" " & IF(E25<>"","("&E25&") "," ") & IF(F25="N","NOT NULL ","") &" COMMENT "&" '"&C25&"'" -> ,DEL_ID VARCHAR (20) COMMENT '삭제 아이디'
B26: DEL_DTM | C26: 삭제일시 | D26: DATETIME | J26: =" ,"&B26&" "&D26&" " & IF(E26<>"","("&E26&") "," ") & IF(F26="N","NOT NULL ","") &" COMMENT "&" '"&C26&"'" -> ,DEL_DTM DATETIME COMMENT '삭제일시'
J27: =")" -> )
J28: ="COMMENT = '" &C3& "'; " -> COMMENT = '환경뉴스';

Sheet 기관 핫뉴스
B3: ='테이블 리스트'!B4 -> CRBN_HOT_NEWS | C3: ='테이블 리스트'!C4 -> 기관 핫뉴스 | J3: ="CREATE TABLE " & B3 -> CREATE TABLE CRBN_HOT_NEWS
B4: 항목명 | C4: 코멘트 | D4: 타입 | E4: 길이 | F4: NULL | G4: PK | H4: 유니크 | J4: ="(" -> (
B5: DOC_SEQ | C5: 문서순번 | D5: INT | F5: N | G5: Y | J5: =" " &B5 & " " & D5 & IF(E5<>"","("&E5&") "," ") & IF(F5="N","NOT NULL ","")&" primary key auto_increment COMMENT " & " '" & C5 & "'" -> DOC_SEQ INT NOT NULL primary key auto_increment COMMENT '문서순번'
B6: PARTY_CD | C6: 소속코드 | D6: VARCHAR | E6: 20 | F6: N | J6: =" ,"&B6&" "&D6&" " & IF(E6<>"","("&E6&") "," ") & IF(F6="N","NOT NULL ","") &" COMMENT "&" '"&C6&"'" -> ,PARTY_CD VARCHAR (20) NOT NULL COMMENT '소속코드'
B7: DOC_TITLE | C7: 제목 | D7: VARCHAR | E7: 200 | F7: N | J7: =" ,"&B7&" "&D7&" " & IF(E7<>"","("&E7&") "," ") & IF(F7="N","NOT NULL ","") &" COMMENT "&" '"&C7&"'" -> ,DOC_TITLE VARCHAR (200) NOT NULL COMMENT '제목'
B8: IMG_VIEW_IND | C8: 이미지구분 | D8: VARCHAR | E8: 1 | F8: N | J8: =" ,"&B8&" "&D8&" " & IF(E8<>"","("&E8&") "," ") & IF(F8="N","NOT NULL ","") &" COMMENT "&" '"&C8&"'" -> ,IMG_VIEW_IND VARCHAR (1) NOT NULL COMMENT '이미지구분'
B9: IMG_SRC_NM | C9: 이미지 원래이름 | D9: VARCHAR | E9: 200 | F9: N | J9: =" ,"&B9&" "&D9&" " & IF(E9<>"","("&E9&") "," ") & IF(F9="N","NOT NULL ","") &" COMMENT "&" '"&C9&"'" -> ,IMG_SRC_NM VARCHAR (200) NOT NULL COMMENT '이미지 원래이름'
B10: IMG_NAIL_NM | C10: 이미지네일이름 | D10: VARCHAR | E10: 200 | F10: N | J10: =" ,"&B10&" "&D10&" " & IF(E10<>"","("&E10&") "," ") & IF(F10="N","NOT NULL ","") &" COMMENT "&" '"&C10&"'" -> ,IMG_NAIL_NM VARCHAR (200) NOT NULL COMMENT '이미지네일이름'
B11: DOC_INFO | C11: 문서내용 | D11: MEDIUMTEXT | J11: =" ,"&B11&" "&D11&" " & IF(E11<>"","("&E11&") "," ") & IF(F11="N","NOT NULL ","") &" COMMENT "&" '"&C11&"'" -> ,DOC_INFO MEDIUMTEXT COMMENT '문서내용'
B12: DOC_FROM | C12: 문서 출처 | D12: VARCHAR | E12: 200 | J12: =" ,"&B12&" "&D12&" " & IF(E12<>"","("&E12&") "," ") & IF(F12="N","NOT NULL ","") &" COMMENT "&" '"&C12&"'" -> ,DOC_FROM VARCHAR (200) COMMENT '문서 출처'
B13: DOC_READ | C13: 읽은건수 | D13: INT | J13: =" ,"&B13&" "&D13&" " & IF(E13<>"","("&E13&") "," ") & IF(F13="N","NOT NULL ","") &" DEFAULT 0 COMMENT "&" '"&C13&"'" -> ,DOC_READ INT DEFAULT 0 COMMENT '읽은건수'
B14: DOC_RCMND | C14: 추천해요 건수 | D14: INT | J14: =" ,"&B14&" "&D14&" " & IF(E14<>"","("&E14&") "," ") & IF(F14="N","NOT NULL ","") &" DEFAULT 0 COMMENT "&" '"&C14&"'" -> ,DOC_RCMND INT DEFAULT 0 COMMENT '추천해요 건수'
B15: DOC_LIKE | C15: 좋아요 건수 | D15: INT | J15: =" ,"&B15&" "&D15&" " & IF(E15<>"","("&E15&") "," ") & IF(F15="N","NOT NULL ","") &" DEFAULT 0 COMMENT "&" '"&C15&"'" -> ,DOC_LIKE INT DEFAULT 0 COMMENT '좋아요 건수'
B16: DOC_SAD | C16: 슬퍼요 건수 | D16: INT | J16: =" ,"&B16&" "&D16&" " & IF(E16<>"","("&E16&") "," ") & IF(F16="N","NOT NULL ","") &" DEFAULT 0 COMMENT "&" '"&C16&"'" -> ,DOC_SAD INT DEFAULT 0 COMMENT '슬퍼요 건수'
B17: DOC_ANGRY | C17: 화나요 건수 | D17: INT | J17: =" ,"&B17&" "&D17&" " & IF(E17<>"","("&E17&") "," ") & IF(F17="N","NOT NULL ","") &" DEFAULT 0 COMMENT "&" '"&C17&"'" -> ,DOC_ANGRY INT DEFAULT 0 COMMENT '화나요 건수'
B18: DOC_STAT | C18: 문서상태(N:등록, V:게시, C:게시취소) | D18: VARCHAR | E18: 1 | F18: N | J18: =" ,"&B18&" "&D18&" " & IF(E18<>"","("&E18&") "," ") & IF(F18="N","NOT NULL DEFAULT 'N' ","") &" COMMENT "&" '"&C18&"'" -> ,DOC_STAT VARCHAR (1) NOT NULL DEFAULT 'N' COMMENT '문서상태(N:등록, V:게시, C:게시취소)'
B19: REG_ID | C19: 등록자ID | D19: VARCHAR | E19: 20 | J19: =" ,"&B19&" "&D19&" " & IF(E19<>"","("&E19&") "," ") & IF(F19="N","NOT NULL ","") &" COMMENT "&" '"&C19&"'" -> ,REG_ID VARCHAR (20) COMMENT '등록자ID'
B20: CRE_DTM | C20: 생성일시 | D20: DATETIME | F20: N | J20: =" ,"&B20&" "&D20&" " & IF(E20<>"","("&E20&") "," ") & IF(F20="N","NOT NULL DEFAULT CURRENT_TIMESTAMP ","") &" COMMENT "&" '"&C20&"'" -> ,CRE_DTM DATETIME NOT NULL DEFAULT CURRENT_TIMESTAMP COMMENT '생성일시'
B21: SHOW_ID | C21: 게시 아이디 | D21: VARCHAR | E21: 20 | J21: =" ,"&B21&" "&D21&" " & IF(E21<>"","("&E21&") "," ") & IF(F21="N","NOT NULL ","") &" COMMENT "&" '"&C21&"'" -> ,SHOW_ID VARCHAR (20) COMMENT '게시 아이디'
B22: SHOW_DTM | C22: 게시일시 | D22: DATETIME | J22: =" ,"&B22&" "&D22&" " & IF(E22<>"","("&E22&") "," ") & IF(F22="N","NOT NULL ","") &" COMMENT "&" '"&C22&"'" -> ,SHOW_DTM DATETIME COMMENT '게시일시'
B23: CANCEL_ID | C23: 게시취소 아이디 | D23: VARCHAR | E23: 20 | J23: =" ,"&B23&" "&D23&" " & IF(E23<>"","("&E23&") "," ") & IF(F23="N","NOT NULL ","") &" COMMENT "&" '"&C23&"'" -> ,CANCEL_ID VARCHAR (20) COMMENT '게시취소 아이디'
B24: CANCEL_DTM | C24: 게시취소일시 | D24: DATETIME | J24: =" ,"&B24&" "&D24&" " & IF(E24<>"","("&E24&") "," ") & IF(F24="N","NOT NULL ","") &" COMMENT "&" '"&C24&"'" -> ,CANCEL_DTM DATETIME COMMENT '게시취소일시'
B25: DEL_YN | C25: 삭제여부 | D25: VARCHAR | E25: 1 | J25: =" ,"&B25&" "&D25&" " & IF(E25<>"","("&E25&") "," ") & IF(F25="N","NOT NULL ","") &" COMMENT "&" '"&C25&"'" -> ,DEL_YN VARCHAR (1) COMMENT '삭제여부'
B26: DEL_ID | C26: 삭제 아이디 | D26: VARCHAR | E26: 20 | J26: =" ,"&B26&" "&D26&" " & IF(E26<>"","("&E26&") "," ") & IF(F26="N","NOT NULL ","") &" COMMENT "&" '"&C26&"'" -> ,DEL_ID VARCHAR (20) COMMENT '삭제 아이디'
B27: DEL_DTM | C27: 삭제일시 | D27: DATETIME | J27: =" ,"&B27&" "&D27&" " & IF(E27<>"","("&E27&") "," ") & IF(F27="N","NOT NULL ","") &" COMMENT "&" '"&C27&"'" -> ,DEL_DTM DATETIME COMMENT '삭제일시'
J28: =")" -> )
J29: ="COMMENT = '" &C3& "'; " -> COMMENT = '기관 핫뉴스';

Sheet 이벤트
B3: ='테이블 리스트'!B5 -> CRBN_EVENT_INFO | C3: ='테이블 리스트'!C5 -> 이벤트 | J3: ="CREATE TABLE " & B3 -> CREATE TABLE CRBN_EVENT_INFO
B4: 항목명 | C4: 코멘트 | D4: 타입 | E4: 길이 | F4: NULL | G4: PK | H4: 유니크 | J4: ="(" -> (
B5: DOC_SEQ | C5: 문서순번 | D5: INT | F5: N | G5: Y | J5: =" " &B5 & " " & D5 & IF(E5<>"","("&E5&") "," ") & IF(F5="N","NOT NULL ","")&" primary key auto_increment COMMENT " & " '" & C5 & "'" -> DOC_SEQ INT NOT NULL primary key auto_increment COMMENT '문서순번'
B6: PARTY_CD | C6: 소속코드 | D6: VARCHAR | E6: 20 | F6: N | J6: =" ,"&B6&" "&D6&" " & IF(E6<>"","("&E6&") "," ") & IF(F6="N","NOT NULL ","") &" COMMENT "&" '"&C6&"'" -> ,PARTY_CD VARCHAR (20) NOT NULL COMMENT '소속코드'
B7: DOC_TITLE | C7: 제목 | D7: VARCHAR | E7: 200 | F7: N | J7: =" ,"&B7&" "&D7&" " & IF(E7<>"","("&E7&") "," ") & IF(F7="N","NOT NULL ","") &" COMMENT "&" '"&C7&"'" -> ,DOC_TITLE VARCHAR (200) NOT NULL COMMENT '제목'
B8: IMG_VIEW_IND | C8: 이미지구분 | D8: VARCHAR | E8: 1 | F8: N | J8: =" ,"&B8&" "&D8&" " & IF(E8<>"","("&E8&") "," ") & IF(F8="N","NOT NULL ","") &" COMMENT "&" '"&C8&"'" -> ,IMG_VIEW_IND VARCHAR (1) NOT NULL COMMENT '이미지구분'
B9: IMG_SRC_NM | C9: 이미지 원래이름 | D9: VARCHAR | E9: 200 | F9: N | J9: =" ,"&B9&" "&D9&" " & IF(E9<>"","("&E9&") "," ") & IF(F9="N","NOT NULL ","") &" COMMENT "&" '"&C9&"'" -> ,IMG_SRC_NM VARCHAR (200) NOT NULL COMMENT '이미지 원래이름'
B10: IMG_NAIL_NM | C10: 이미지네일이름 | D10: VARCHAR | E10: 200 | F10: N | J10: =" ,"&B10&" "&D10&" " & IF(E10<>"","("&E10&") "," ") & IF(F10="N","NOT NULL ","") &" COMMENT "&" '"&C10&"'" -> ,IMG_NAIL_NM VARCHAR (200) NOT NULL COMMENT '이미지네일이름'
B11: DOC_INFO | C11: 이벤트 내용 | D11: MEDIUMTEXT | J11: =" ,"&B11&" "&D11&" " & IF(E11<>"","("&E11&") "," ") & IF(F11="N","NOT NULL ","") &" COMMENT "&" '"&C11&"'" -> ,DOC_INFO MEDIUMTEXT COMMENT '이벤트 내용'
B12: DOC_READ | C12: 읽은건수 | D12: INT | J12: =" ,"&B12&" "&D12&" " & IF(E12<>"","("&E12&") "," ") & IF(F12="N","NOT NULL ","") &" DEFAULT 0 COMMENT "&" '"&C12&"'" -> ,DOC_READ INT DEFAULT 0 COMMENT '읽은건수'
B13: EVT_WITH | C13: 참여건수 | D13: INT | J13: =" ,"&B13&" "&D13&" " & IF(E13<>"","("&E13&") "," ") & IF(F13="N","NOT NULL ","") &" DEFAULT 0 COMMENT "&" '"&C13&"'" -> ,EVT_WITH INT DEFAULT 0 COMMENT '참여건수'
B14: DOC_STAT | C14: 문서상태(N:등록, V:게시, C:게시취소) | D14: VARCHAR | E14: 1 | F14: N | J14: =" ,"&B14&" "&D14&" " & IF(E14<>"","("&E14&") "," ") & IF(F14="N","NOT NULL DEFAULT 'N' ","") &" COMMENT "&" '"&C14&"'" -> ,DOC_STAT VARCHAR (1) NOT NULL DEFAULT 'N' COMMENT '문서상태(N:등록, V:게시, C:게시취소)'
B15: REG_ID | C15: 등록자ID | D15: VARCHAR | E15: 20 | J15: =" ,"&B15&" "&D15&" " & IF(E15<>"","("&E15&") "," ") & IF(F15="N","NOT NULL ","") &" COMMENT "&" '"&C15&"'" -> ,REG_ID VARCHAR (20) COMMENT '등록자ID'
B16: CRE_DTM | C16: 생성일시 | D16: DATETIME | F16: N | J16: =" ,"&B16&" "&D16&" " & IF(E16<>"","("&E16&") "," ") & IF(F16="N","NOT NULL DEFAULT CURRENT_TIMESTAMP ","") &" COMMENT "&" '"&C16&"'" -> ,CRE_DTM DATETIME NOT NULL DEFAULT CURRENT_TIMESTAMP COMMENT '생성일시'
B17: SHOW_ID | C17: 게시 아이디 | D17: VARCHAR | E17: 20 | J17: =" ,"&B17&" "&D17&" " & IF(E17<>"","("&E17&") "," ") & IF(F17="N","NOT NULL ","") &" COMMENT "&" '"&C17&"'" -> ,SHOW_ID VARCHAR (20) COMMENT '게시 아이디'
B18: SHOW_DTM | C18: 게시일시 | D18: DATETIME | J18: =" ,"&B18&" "&D18&" " & IF(E18<>"","("&E18&") "," ") & IF(F18="N","NOT NULL ","") &" COMMENT "&" '"&C18&"'" -> ,SHOW_DTM DATETIME COMMENT '게시일시'
B19: CANCEL_ID | C19: 게시취소 아이디 | D19: VARCHAR | E19: 20 | J19: =" ,"&B19&" "&D19&" " & IF(E19<>"","("&E19&") "," ") & IF(F19="N","NOT NULL ","") &" COMMENT "&" '"&C19&"'" -> ,CANCEL_ID VARCHAR (20) COMMENT '게시취소 아이디'
B20: CANCEL_DTM | C20: 게시취소일시 | D20: DATETIME | J20: =" ,"&B20&" "&D20&" " & IF(E20<>"","("&E20&") "," ") & IF(F20="N","NOT NULL ","") &" COMMENT "&" '"&C20&"'" -> ,CANCEL_DTM DATETIME COMMENT '게시취소일시'
B21: DEL_YN | C21: 삭제여부 | D21: VARCHAR | E21: 1 | J21: =" ,"&B21&" "&D21&" " & IF(E21<>"","("&E21&") "," ") & IF(F21="N","NOT NULL ","") &" COMMENT "&" '"&C21&"'" -> ,DEL_YN VARCHAR (1) COMMENT '삭제여부'
B22: DEL_ID | C22: 삭제 아이디 | D22: VARCHAR | E22: 20 | J22: =" ,"&B22&" "&D22&" " & IF(E22<>"","("&E22&") "," ") & IF(F22="N","NOT NULL ","") &" COMMENT "&" '"&C22&"'" -> ,DEL_ID VARCHAR (20) COMMENT '삭제 아이디'
B23: DEL_DTM | C23: 삭제일시 | D23: DATETIME | J23: =" ,"&B23&" "&D23&" " & IF(E23<>"","("&E23&") "," ") & IF(F23="N","NOT NULL ","") &" COMMENT "&" '"&C23&"'" -> ,DEL_DTM DATETIME COMMENT '삭제일시'
J24: =")" -> )
J25: ="COMMENT = '" &C3& "'; " -> COMMENT = '이벤트';

Sheet 이벤트 참여이력
B3: ='테이블 리스트'!B6 -> CRBN_EVENT_WITH | C3: ='테이블 리스트'!C6 -> 이벤트 참여이력 | J3: ="CREATE TABLE " & B3 -> CREATE TABLE CRBN_EVENT_WITH
B4: 항목명 | C4: 코멘트 | D4: 타입 | E4: 길이 | F4: NULL | G4: PK | H4: 유니크 | J4: ="(" -> (
B5: DOC_SEQ | C5: 문서순번 | D5: INT | F5: N | G5: Y | J5: =" " &B5 & " " & D5 & IF(E5<>"","("&E5&") "," ") & IF(F5="N","NOT NULL ","")&" primary key auto_increment COMMENT " & " '" & C5 & "'" -> DOC_SEQ INT NOT NULL primary key auto_increment COMMENT '문서순번'
B6: EVT_SEQ | C6: 이벤트 순번 | D6: INT | F6: N | J6: =" ,"&B6&" "&D6&" " & IF(E6<>"","("&E6&") "," ") & IF(F6="N","NOT NULL ","") &" COMMENT "&" '"&C6&"'" -> ,EVT_SEQ INT NOT NULL COMMENT '이벤트 순번'
B7: MBR_ID | C7: 회원아이디 | D7: VARCHAR | E7: 20 | F7: N | J7: =" ,"&B7&" "&D7&" " & IF(E7<>"","("&E7&") "," ") & IF(F7="N","NOT NULL ","") &" COMMENT "&" '"&C7&"'" -> ,MBR_ID VARCHAR (20) NOT NULL COMMENT '회원아이디'
B8: EVT_WITH | C8: 이벤트 참여 | D8: VARCHAR | E8: 1 | J8: =" ,"&B8&" "&D8&" " & IF(E8<>"","("&E8&") "," ") & IF(F8="N","NOT NULL ","") &" COMMENT "&" '"&C8&"'" -> ,EVT_WITH VARCHAR (1) COMMENT '이벤트 참여'
B9: EVT_WITH_ANS | C9: 이벤트 참여 답글 | D9: VARCHAR | E9: 200 | J9: =" ,"&B9&" "&D9&" " & IF(E9<>"","("&E9&") "," ") & IF(F9="N","NOT NULL ","") &" COMMENT "&" '"&C9&"'" -> ,EVT_WITH_ANS VARCHAR (200) COMMENT '이벤트 참여 답글'
B10: CRE_DTM | C10: 생성일시 | D10: DATETIME | F10: N | J10: =" ,"&B10&" "&D10&" " & IF(E10<>"","("&E10&") "," ") & IF(F10="N","NOT NULL DEFAULT CURRENT_TIMESTAMP ","") &" COMMENT "&" '"&C10&"'" -> ,CRE_DTM DATETIME NOT NULL DEFAULT CURRENT_TIMESTAMP COMMENT '생성일시'
J11: =")" -> )
J12: ="COMMENT = '" &C3& "'; " -> COMMENT = '이벤트 참여이력';

Sheet 당첨자
B3: ='테이블 리스트'!B7 -> CRBN_WINNER | C3: ='테이블 리스트'!C7 -> 당첨자 | J3: ="CREATE TABLE " & B3 -> CREATE TABLE CRBN_WINNER
B4: 항목명 | C4: 코멘트 | D4: 타입 | E4: 길이 | F4: NULL | G4: PK | H4: 유니크 | J4: ="(" -> (
B5: DOC_SEQ | C5: 이벤트 순번 | D5: INT | F5: N | J5: =" " &B5 & " " & D5 & IF(E5<>"","("&E5&") "," ") & IF(F5="N","NOT NULL ","")&" primary key auto_increment COMMENT " & " '" & C5 & "'" -> DOC_SEQ INT NOT NULL primary key auto_increment COMMENT '이벤트 순번'
B6: MBR_ID | C6: 회원아이디 | D6: VARCHAR | E6: 20 | F6: N | J6: =" ,"&B6&" "&D6&" " & IF(E6<>"","("&E6&") "," ") & IF(F6="N","NOT NULL ","") &" COMMENT "&" '"&C6&"'" -> ,MBR_ID VARCHAR (20) NOT NULL COMMENT '회원아이디'
B7: CRE_DTM | C7: 생성일시 | D7: DATETIME | F7: N | J7: =" ,"&B7&" "&D7&" " & IF(E7<>"","("&E7&") "," ") & IF(F7="N","NOT NULL DEFAULT CURRENT_TIMESTAMP ","") &" COMMENT "&" '"&C7&"'" -> ,CRE_DTM DATETIME NOT NULL DEFAULT CURRENT_TIMESTAMP COMMENT '생성일시'
J8: =")" -> )
J9: ="COMMENT = '" &C3& "'; " -> COMMENT = '당첨자';

Sheet 공지사항
B3: ='테이블 리스트'!B9 -> CRBN_NOTICE | C3: ='테이블 리스트'!C9 -> 공지사항 | J3: ="CREATE TABLE " & B3 -> CREATE TABLE CRBN_NOTICE
B4: 항목명 | C4: 코멘트 | D4: 타입 | E4: 길이 | F4: NULL | G4: PK | H4: 유니크 | J4: ="(" -> (
B5: DOC_SEQ | C5: 문서번호 | D5: BIGINT | F5: N | G5: Y | J5: =" " &B5 & " " & D5 & IF(E5<>"","("&E5&") "," ") & IF(F5="N","NOT NULL ","")&" primary key auto_increment COMMENT " & " '" & C5 & "'" -> DOC_SEQ BIGINT NOT NULL primary key auto_increment COMMENT '문서번호'
B6: PARTY_CD | C6: 소속코드 | D6: VARCHAR | E6: 20 | F6: N | J6: =" ,"&B6&" "&D6&" " & IF(E6<>"","("&E6&") "," ") & IF(F6="N","NOT NULL ","") &" COMMENT "&" '"&C6&"'" -> ,PARTY_CD VARCHAR (20) NOT NULL COMMENT '소속코드'
B7: DOC_TITLE | C7: 제목 | D7: VARCHAR | E7: 200 | F7: N | J7: =" ,"&B7&" "&D7&" " & IF(E7<>"","("&E7&") "," ") & IF(F7="N","NOT NULL ","") &" COMMENT "&" '"&C7&"'" -> ,DOC_TITLE VARCHAR (200) NOT NULL COMMENT '제목'
B8: DOC_INFO | C8: 내용 | D8: TEXT | E8: 4000 | J8: =" ,"&B8&" "&D8&" " & IF(E8<>"","("&E8&") "," ") & IF(F8="N","NOT NULL ","") &" COMMENT "&" '"&C8&"'" -> ,DOC_INFO TEXT (4000) COMMENT '내용'
B9: DOC_STAT | C9: 문서상태(N:등록, V:게시, C:게시취소) | D9: VARCHAR | E9: 1 | F9: N | J9: =" ,"&B9&" "&D9&" " & IF(E9<>"","("&E9&") "," ") & IF(F9="N","NOT NULL DEFAULT 'N' ","") &" COMMENT "&" '"&C9&"'" -> ,DOC_STAT VARCHAR (1) NOT NULL DEFAULT 'N' COMMENT '문서상태(N:등록, V:게시, C:게시취소)'
B10: DOC_READ | C10: 읽은 건수 | D10: INT | J10: =" ,"&B10&" "&D10&" " & IF(E10<>"","("&E10&") "," ") & IF(F10="N","NOT NULL ","") &" DEFAULT 0 COMMENT "&" '"&C10&"'" -> ,DOC_READ INT DEFAULT 0 COMMENT '읽은 건수'
B11: AUDIT_ID | C11: 관리자 아이디 | D11: VARCHAR | E11: 20 | J11: =" ,"&B11&" "&D11&" " & IF(E11<>"","("&E11&") "," ") & IF(F11="N","NOT NULL ","") &" COMMENT "&" '"&C11&"'" -> ,AUDIT_ID VARCHAR (20) COMMENT '관리자 아이디'
B12: CRE_DTM | C12: 생성일시 | D12: DATETIME | F12: N | J12: =" ,"&B12&" "&D12&" " & IF(E12<>"","("&E12&") "," ") & IF(F12="N","NOT NULL DEFAULT CURRENT_TIMESTAMP ","") &" COMMENT "&" '"&C12&"'" -> ,CRE_DTM DATETIME NOT NULL DEFAULT CURRENT_TIMESTAMP COMMENT '생성일시'
B13: SHOW_ID | C13: 게시 아이디 | D13: VARCHAR | E13: 20 | J13: =" ,"&B13&" "&D13&" " & IF(E13<>"","("&E13&") "," ") & IF(F13="N","NOT NULL ","") &" COMMENT "&" '"&C13&"'" -> ,SHOW_ID VARCHAR (20) COMMENT '게시 아이디'
B14: SHOW_DTM | C14: 게시일시 | D14: DATETIME | J14: =" ,"&B14&" "&D14&" " & IF(E14<>"","("&E14&") "," ") & IF(F14="N","NOT NULL ","") &" COMMENT "&" '"&C14&"'" -> ,SHOW_DTM DATETIME COMMENT '게시일시'
B15: CANCEL_ID | C15: 게시취소 아이디 | D15: VARCHAR | E15: 20 | J15: =" ,"&B15&" "&D15&" " & IF(E15<>"","("&E15&") "," ") & IF(F15="N","NOT NULL ","") &" COMMENT "&" '"&C15&"'" -> ,CANCEL_ID VARCHAR (20) COMMENT '게시취소 아이디'
B16: CANCEL_DTM | C16: 게시취소일시 | D16: DATETIME | J16: =" ,"&B16&" "&D16&" " & IF(E16<>"","("&E16&") "," ") & IF(F16="N","NOT NULL ","") &" COMMENT "&" '"&C16&"'" -> ,CANCEL_DTM DATETIME COMMENT '게시취소일시'
B17: DEL_YN | C17: 삭제여부 | D17: VARCHAR | E17: 1 | J17: =" ,"&B17&" "&D17&" " & IF(E17<>"","("&E17&") "," ") & IF(F17="N","NOT NULL ","") &" COMMENT "&" '"&C17&"'" -> ,DEL_YN VARCHAR (1) COMMENT '삭제여부'
B18: DEL_ID | C18: 삭제 아이디 | D18: VARCHAR | E18: 20 | J18: =" ,"&B18&" "&D18&" " & IF(E18<>"","("&E18&") "," ") & IF(F18="N","NOT NULL ","") &" COMMENT "&" '"&C18&"'" -> ,DEL_ID VARCHAR (20) COMMENT '삭제 아이디'
B19: DEL_DTM | C19: 삭제일시 | D19: DATETIME | J19: =" ,"&B19&" "&D19&" " & IF(E19<>"","("&E19&") "," ") & IF(F19="N","NOT NULL ","") &" COMMENT "&" '"&C19&"'" -> ,DEL_DTM DATETIME COMMENT '삭제일시'
J20: =")" -> )
J21: ="COMMENT = '" &C3& "'; " -> COMMENT = '공지사항';

Sheet 일대일문의하기
B3: ='테이블 리스트'!B10 -> CRBN_QNA | C3: ='테이블 리스트'!C10 -> 일대일문의하기 | J3: ="CREATE TABLE " & B3 -> CREATE TABLE CRBN_QNA
B4: 항목명 | C4: 코멘트 | D4: 타입 | E4: 길이 | F4: NULL | G4: PK | H4: 유니크 | J4: ="(" -> (
B5: DOC_SEQ | C5: 문서번호 | D5: INT | F5: N | G5: Y | J5: =" " &B5 & " " & D5 & IF(E5<>"","("&E5&") "," ") & IF(F5="N","NOT NULL ","")&" primary key auto_increment COMMENT " & " '" & C5 & "'" -> DOC_SEQ INT NOT NULL primary key auto_increment COMMENT '문서번호'
B6: PARTY_CD | C6: 소속코드 | D6: VARCHAR | E6: 20 | F6: N | J6: =" ,"&B6&" "&D6&" " & IF(E6<>"","("&E6&") "," ") & IF(F6="N","NOT NULL ","") &" COMMENT "&" '"&C6&"'" -> ,PARTY_CD VARCHAR (20) NOT NULL COMMENT '소속코드'
B7: MBR_ID | C7: 회원 아이디 | D7: VARCHAR | E7: 20 | J7: =" ,"&B7&" "&D7&" " & IF(E7<>"","("&E7&") "," ") & IF(F7="N","NOT NULL ","") &" COMMENT "&" '"&C7&"'" -> ,MBR_ID VARCHAR (20) COMMENT '회원 아이디'
B8: QNA_PWD | C8: 비밀번호 | D8: VARCHAR | E8: 100 | J8: =" ,"&B8&" "&D8&" " & IF(E8<>"","("&E8&") "," ") & IF(F8="N","NOT NULL ","") &" COMMENT "&" '"&C8&"'" -> ,QNA_PWD VARCHAR (100) COMMENT '비밀번호'
B9: QNA_SORT | C9: 중분류 | D9: VARCHAR | E9: 20 | J9: =" ,"&B9&" "&D9&" " & IF(E9<>"","("&E9&") "," ") & IF(F9="N","NOT NULL ","") &" COMMENT "&" '"&C9&"'" -> ,QNA_SORT VARCHAR (20) COMMENT '중분류'
B10: QNA_TITLE | C10: 제목 | D10: VARCHAR | E10: 200 | J10: =" ,"&B10&" "&D10&" " & IF(E10<>"","("&E10&") "," ") & IF(F10="N","NOT NULL ","") &" COMMENT "&" '"&C10&"'" -> ,QNA_TITLE VARCHAR (200) COMMENT '제목'
B11: QNA_CONTENT | C11: 내용 | D11: TEXT | E11: 4000 | J11: =" ,"&B11&" "&D11&" " & IF(E11<>"","("&E11&") "," ") & IF(F11="N","NOT NULL ","") &" COMMENT "&" '"&C11&"'" -> ,QNA_CONTENT TEXT (4000) COMMENT '내용'
B12: QNA_IND | C12: 공개/비공개 여부(1:공개, 2:비공개) | D12: VARCHAR | E12: 1 | F12: N | J12: =" ,"&B12&" "&D12&" " & IF(E12<>"","("&E12&") "," ") & IF(F12="N","NOT NULL ","") &" COMMENT "&" '"&C12&"'" -> ,QNA_IND VARCHAR (1) NOT NULL COMMENT '공개/비공개 여부(1:공개, 2:비공개)'
B13: DOC_READ | C13: 읽은 건수 | D13: INT | J13: =" ,"&B13&" "&D13&" " & IF(E13<>"","("&E13&") "," ") & IF(F13="N","NOT NULL ","") &" DEFAULT 0 COMMENT "&" '"&C13&"'" -> ,DOC_READ INT DEFAULT 0 COMMENT '읽은 건수'
B14: CRE_DTM | C14: 생성일시 | D14: DATETIME | F14: N | J14: =" ,"&B14&" "&D14&" " & IF(E14<>"","("&E14&") "," ") & IF(F14="N","NOT NULL DEFAULT CURRENT_TIMESTAMP ","") &" COMMENT "&" '"&C14&"'" -> ,CRE_DTM DATETIME NOT NULL DEFAULT CURRENT_TIMESTAMP COMMENT '생성일시'
B15: CHG_DTM | C15: 변경일시 | D15: DATETIME | J15: =" ,"&B15&" "&D15&" " & IF(E15<>"","("&E15&") "," ") & IF(F15="N","NOT NULL ","") &" COMMENT "&" '"&C15&"'" -> ,CHG_DTM DATETIME COMMENT '변경일시'
B16: AUDIT_ID | C16: 관리자 아이디 | D16: VARCHAR | E16: 20 | J16: =" ,"&B16&" "&D16&" " & IF(E16<>"","("&E16&") "," ") & IF(F16="N","NOT NULL ","") &" COMMENT "&" '"&C16&"'" -> ,AUDIT_ID VARCHAR (20) COMMENT '관리자 아이디'
B17: ANS_CONTENT | C17: 답변 | D17: TEXT | E17: 4000 | J17: =" ,"&B17&" "&D17&" " & IF(E17<>"","("&E17&") "," ") & IF(F17="N","NOT NULL ","") &" COMMENT "&" '"&C17&"'" -> ,ANS_CONTENT TEXT (4000) COMMENT '답변'
B18: ANS_DTM | C18: 답변일시 | D18: DATETIME | J18: =" ,"&B18&" "&D18&" " & IF(E18<>"","("&E18&") "," ") & IF(F18="N","NOT NULL ","") &" COMMENT "&" '"&C18&"'" -> ,ANS_DTM DATETIME COMMENT '답변일시'
J19: =")" -> )
J20: ="COMMENT = '" &C3& "'; " -> COMMENT = '일대일문의하기';

Sheet 자주묻는 질문
B3: ='테이블 리스트'!B11 -> CRBN_FAQ | C3: ='테이블 리스트'!C11 -> 자주묻는 질문 | J3: ="CREATE TABLE " & B3 -> CREATE TABLE CRBN_FAQ
B4: 항목명 | C4: 코멘트 | D4: 타입 | E4: 길이 | F4: NULL | G4: PK | H4: 유니크 | J4: ="(" -> (
B5: DOC_SEQ | C5: 문서번호 | D5: INT | F5: N | G5: Y | J5: =" " &B5 & " " & D5 & IF(E5<>"","("&E5&") "," ") & IF(F5="N","NOT NULL ","")&" primary key auto_increment COMMENT " & " '" & C5 & "'" -> DOC_SEQ INT NOT NULL primary key auto_increment COMMENT '문서번호'
B6: PARTY_CD | C6: 소속코드 | D6: VARCHAR | E6: 20 | F6: N | J6: =" ,"&B6&" "&D6&" " & IF(E6<>"","("&E6&") "," ") & IF(F6="N","NOT NULL ","") &" COMMENT "&" '"&C6&"'" -> ,PARTY_CD VARCHAR (20) NOT NULL COMMENT '소속코드'
B7: QNA_SORT | C7: 중분류 | D7: VARCHAR | E7: 20 | J7: =" ,"&B7&" "&D7&" " & IF(E7<>"","("&E7&") "," ") & IF(F7="N","NOT NULL ","") &" COMMENT "&" '"&C7&"'" -> ,QNA_SORT VARCHAR (20) COMMENT '중분류'
B8: QN_CONTENT | C8: 질문 | D8: TEXT | E8: 1000 | J8: =" ,"&B8&" "&D8&" " & IF(E8<>"","("&E8&") "," ") & IF(F8="N","NOT NULL ","") &" COMMENT "&" '"&C8&"'" -> ,QN_CONTENT TEXT (1000) COMMENT '질문'
B9: DOC_READ | C9: 읽은 건수 | D9: INT | J9: =" ,"&B9&" "&D9&" " & IF(E9<>"","("&E9&") "," ") & IF(F9="N","NOT NULL ","") &" DEFAULT 0 COMMENT "&" '"&C9&"'" -> ,DOC_READ INT DEFAULT 0 COMMENT '읽은 건수'
B10: QA_CONTENT | C10: 답변 | D10: TEXT | E10: 4000 | J10: =" ,"&B10&" "&D10&" " & IF(E10<>"","("&E10&") "," ") & IF(F10="N","NOT NULL ","") &" COMMENT "&" '"&C10&"'" -> ,QA_CONTENT TEXT (4000) COMMENT '답변'
B11: DOC_STAT | C11: 문서상태(N:등록, V:게시, C:게시취소) | D11: VARCHAR | E11: 1 | F11: N | J11: =" ,"&B11&" "&D11&" " & IF(E11<>"","("&E11&") "," ") & IF(F11="N","NOT NULL DEFAULT 'N' ","") &" COMMENT "&" '"&C11&"'" -> ,DOC_STAT VARCHAR (1) NOT NULL DEFAULT 'N' COMMENT '문서상태(N:등록, V:게시, C:게시취소)'
B12: AUDIT_ID | C12: 관리자 아이디 | D12: VARCHAR | E12: 20 | J12: =" ,"&B12&" "&D12&" " & IF(E12<>"","("&E12&") "," ") & IF(F12="N","NOT NULL ","") &" COMMENT "&" '"&C12&"'" -> ,AUDIT_ID VARCHAR (20) COMMENT '관리자 아이디'
B13: CRE_DTM | C13: 생성일시 | D13: DATETIME | F13: N | J13: =" ,"&B13&" "&D13&" " & IF(E13<>"","("&E13&") "," ") & IF(F13="N","NOT NULL DEFAULT CURRENT_TIMESTAMP ","") &" COMMENT "&" '"&C13&"'" -> ,CRE_DTM DATETIME NOT NULL DEFAULT CURRENT_TIMESTAMP COMMENT '생성일시'
B14: SHOW_ID | C14: 게시 아이디 | D14: VARCHAR | E14: 20 | J14: =" ,"&B14&" "&D14&" " & IF(E14<>"","("&E14&") "," ") & IF(F14="N","NOT NULL ","") &" COMMENT "&" '"&C14&"'" -> ,SHOW_ID VARCHAR (20) COMMENT '게시 아이디'
B15: SHOW_DTM | C15: 게시일시 | D15: DATETIME | J15: =" ,"&B15&" "&D15&" " & IF(E15<>"","("&E15&") "," ") & IF(F15="N","NOT NULL ","") &" COMMENT "&" '"&C15&"'" -> ,SHOW_DTM DATETIME COMMENT '게시일시'
B16: CANCEL_ID | C16: 게시취소 아이디 | D16: VARCHAR | E16: 20 | J16: =" ,"&B16&" "&D16&" " & IF(E16<>"","("&E16&") "," ") & IF(F16="N","NOT NULL ","") &" COMMENT "&" '"&C16&"'" -> ,CANCEL_ID VARCHAR (20) COMMENT '게시취소 아이디'
B17: CANCEL_DTM | C17: 게시취소일시 | D17: DATETIME | J17: =" ,"&B17&" "&D17&" " & IF(E17<>"","("&E17&") "," ") & IF(F17="N","NOT NULL ","") &" COMMENT "&" '"&C17&"'" -> ,CANCEL_DTM DATETIME COMMENT '게시취소일시'
B18: DEL_YN | C18: 삭제여부 | D18: VARCHAR | E18: 1 | J18: =" ,"&B18&" "&D18&" " & IF(E18<>"","("&E18&") "," ") & IF(F18="N","NOT NULL ","") &" COMMENT "&" '"&C18&"'" -> ,DEL_YN VARCHAR (1) COMMENT '삭제여부'
B19: DEL_ID | C19: 삭제 아이디 | D19: VARCHAR | E19: 20 | J19: =" ,"&B19&" "&D19&" " & IF(E19<>"","("&E19&") "," ") & IF(F19="N","NOT NULL ","") &" COMMENT "&" '"&C19&"'" -> ,DEL_ID VARCHAR (20) COMMENT '삭제 아이디'
B20: DEL_DTM | C20: 삭제일시 | D20: DATETIME | J20: =" ,"&B20&" "&D20&" " & IF(E20<>"","("&E20&") "," ") & IF(F20="N","NOT NULL ","") &" COMMENT "&" '"&C20&"'" -> ,DEL_DTM DATETIME COMMENT '삭제일시'
J21: =")" -> )
J22: ="COMMENT = '" &C3& "'; " -> COMMENT = '자주묻는 질문';
