Workbook

Sheet 테이블 리스트
B1: CRBN
A2: 1 | B2: CRBN_MBR_INFO | C2: 회원관리
A3: 2 | B3: CRBN_MBR_LGN_HST | C3: 회원 로그인 이력
A4: 3 | B4: CRBN_STORE_INFO | C4: 가맹점
A5: 4 | B5: CRBN_STORE_LGN_HST | C5: 가맹점 로그인 이력
A6: 5 | B6: CRBN_DGT_QR_INFO | C6: 디지털 QR 정보
A7: 6 | B7: CRBN_PPR_QR_INFO | C7: 종이 QR 정보
A8: 7 | B8: CRBN_QR_SALE_INFO | C8: QR 판매 정보
A9: 8 | B9: CRBN_QR_USE_INFO | C9: QR 사용등록(매핑) 이력
A10: 9 | B10: CRBN_QR_USE_HST | C10: QR 사용이력

Sheet 회원
B3: ='테이블 리스트'!B2 -> CRBN_MBR_INFO | C3: ='테이블 리스트'!C2 -> 회원관리 | J3: ="CREATE TABLE " & B3 -> CREATE TABLE CRBN_MBR_INFO
B4: 항목명 | C4: 코멘트 | D4: 타입 | E4: 길이 | F4: NULL | G4: PK | H4: 유니크 | J4: ="(" -> (
B5: MBR_ID | C5: 회원아이디 | D5: VARCHAR | E5: 20 | F5: N | G5: Y | H5: Y | J5: =" "&B5&" "&D5&" " & IF(E5<>"","("&E5&") "," ") & IF(F5="N","NOT NULL ","") &" COMMENT "&" '"&C5&"'" -> MBR_ID VARCHAR (20) NOT NULL COMMENT '회원아이디'
B6: MBR_PWD | C6: 비밀번호 | D6: VARCHAR | E6: 100 | F6: N | J6: =" ,"&B6&" "&D6&" " & IF(E6<>"","("&E6&") "," ") & IF(F6="N","NOT NULL ","") &" COMMENT "&" '"&C6&"'" -> ,MBR_PWD VARCHAR (100) NOT NULL COMMENT '비밀번호'
B7: MBR_CELL_NUM | C7: 휴대폰번호 | D7: VARCHAR | E7: 11 | F7: N | H7: Y | J7: =" ,"&B7&" "&D7&" " & IF(E7<>"","("&E7&") "," ") & IF(F7="N","NOT NULL ","") &" COMMENT "&" '"&C7&"'" -> ,MBR_CELL_NUM VARCHAR (11) NOT NULL COMMENT '휴대폰번호'
B8: MBR_NM | C8: 이름 | D8: VARCHAR | E8: 80 | F8: N | J8: =" ,"&B8&" "&D8&" " & IF(E8<>"","("&E8&") "," ") & IF(F8="N","NOT NULL ","") &" COMMENT "&" '"&C8&"'" -> ,MBR_NM VARCHAR (80) NOT NULL COMMENT '이름 '
B9: PARTY_CD | C9: 소속코드 | D9: VARCHAR | E9: 20 | F9: N | J9: =" ,"&B9&" "&D9&" " & IF(E9<>"","("&E9&") "," ") & IF(F9="N","NOT NULL ","") &" COMMENT "&" '"&C9&"'" -> ,PARTY_CD VARCHAR (20) NOT NULL COMMENT '소속코드'
B10: QR_STAT | C10: QR 상태: N 생성, P:출력, S:판매, U:사용등록(매핑) | D10: VARCHAR | E10: 1 | F10: N | J10: =" ,"&B10&" "&D10&" " & IF(E10<>"","("&E10&") "," ") & IF(F10="N","NOT NULL DEFAULT 'N' ","") &" COMMENT "&" '"&C10&"'" -> ,QR_STAT VARCHAR (1) NOT NULL DEFAULT 'N' COMMENT 'QR 상태: N 생성, P:출력, S:판매, U:사용등록(매핑)'
B11: DGT_QR_CD | C11: 디지털 QR코드 | D11: VARCHAR | E11: 12 | F11: N | H11: Y | J11: =" ,"&B11&" "&D11&" " & IF(E11<>"","("&E11&") "," ") & IF(F11="N","NOT NULL ","") &" COMMENT "&" '"&C11&"'" -> ,DGT_QR_CD VARCHAR (12) NOT NULL COMMENT '디지털 QR코드 '
B12: PPR_QR_CD | C12: 종이 QR코드 | D12: VARCHAR | E12: 12 | H12: Y | J12: =" ,"&B12&" "&D12&" " & IF(E12<>"","("&E12&") "," ") & IF(F12="N","NOT NULL ","") &" COMMENT "&" '"&C12&"'" -> ,PPR_QR_CD VARCHAR (12) COMMENT '종이 QR코드 '
B13: STORE_NO | C13: 사용등록 등록 가맹점 | D13: VARCHAR | E13: 13 | J13: =" ,"&B13&" "&D13&" " & IF(E13<>"","("&E13&") "," ") & IF(F13="N","NOT NULL ","") &" COMMENT "&" '"&C13&"'" -> ,STORE_NO VARCHAR (13) COMMENT '사용등록 등록 가맹점'
B14: CHG_PWD_DTM | C14: 패스워드 변경일 | D14: VARCHAR | E14: 14 | J14: =" ,"&B14&" "&D14&" " & IF(E14<>"","("&E14&") "," ") & IF(F14="N","NOT NULL ","") &" COMMENT "&" '"&C14&"'" -> ,CHG_PWD_DTM VARCHAR (14) COMMENT '패스워드 변경일'
B15: LST_LGN_DTM | C15: 마지막 로그인 일시 | D15: VARCHAR | E15: 14 | J15: =" ,"&B15&" "&D15&" " & IF(E15<>"","("&E15&") "," ") & IF(F15="N","NOT NULL ","") &" COMMENT "&" '"&C15&"'" -> ,LST_LGN_DTM VARCHAR (14) COMMENT '마지막 로그인 일시'
B16: CRE_DTM | C16: 생성일시 | D16: DATETIME | F16: N | J16: =" ,"&B16&" "&D16&" " & IF(E16<>"","("&E16&") "," ") & IF(F16="N","NOT NULL DEFAULT CURRENT_TIMESTAMP ","") &" COMMENT "&" '"&C16&"'" -> ,CRE_DTM DATETIME NOT NULL DEFAULT CURRENT_TIMESTAMP COMMENT '생성일시'
B17: CHG_DTM | C17: 변경일시 | D17: DATETIME | J17: =" ,"&B17&" "&D17&" " & IF(E17<>"","("&E17&") "," ") & IF(F17="N","NOT NULL ","") &" COMMENT "&" '"&C17&"'" -> ,CHG_DTM DATETIME COMMENT '변경일시'
J18: =", PRIMARY KEY (`"&B5&"`)" -> , PRIMARY KEY (`MBR_ID`)
J19: =", UNIQUE KEY CELLNUM (`"&B7&"`) " -> , UNIQUE KEY CELLNUM (`MBR_CELL_NUM`)
J20: =", UNIQUE KEY QR_CD_MAPP (`"&B11&"`, `"&B12&"`) " -> , UNIQUE KEY QR_CD_MAPP (`DGT_QR_CD`, `PPR_QR_CD`)
J21: =") COMMENT = '" &C5& "'; " -> ) COMMENT = '회원아이디';

Sheet 회원로그인이력
B3: ='테이블 리스트'!B3 -> CRBN_MBR_LGN_HST | C3: ='테이블 리스트'!C3 -> 회원 로그인 이력 | J3: ="CREATE TABLE " & B3 -> CREATE TABLE CRBN_MBR_LGN_HST
B4: 항목명 | C4: 코멘트 | D4: 타입 | E4: 길이 | F4: NULL | G4: PK | H4: 유니크 | J4: ="(" -> (
B5: LGN_SEQ | C5: 로그인순번 | D5: INT | F5: N | G5: Y | H5: Y | J5: =" " &B5 & " " & D5 & IF(E5<>"","("&E5&") "," ") & IF(F5="N","NOT NULL ","")&" primary key auto_increment COMMENT " & " '" & C5 & "'" -> LGN_SEQ INT NOT NULL primary key auto_increment COMMENT '로그인순번'
B6: MBR_ID | C6: 회원아이디 | D6: VARCHAR | E6: 20 | F6: N | J6: =" ,"&B6&" "&D6&" " & IF(E6<>"","("&E6&") "," ") & IF(F6="N","NOT NULL ","") &" COMMENT "&" '"&C6&"'" -> ,MBR_ID VARCHAR (20) NOT NULL COMMENT '회원아이디'
B7: LGN_IP | C7: 아이피 | D7: VARCHAR | E7: 20 | F7: N | J7: =" ,"&B7&" "&D7&" " & IF(E7<>"","("&E7&") "," ") & IF(F7="N","NOT NULL ","") &" COMMENT "&" '"&C7&"'" -> ,LGN_IP VARCHAR (20) NOT NULL COMMENT '아이피'
B8: LGN_OS | C8: OS | D8: VARCHAR | E8: 20 | J8: =" ,"&B8&" "&D8&" " & IF(E8<>"","("&E8&") "," ") & IF(F8="N","NOT NULL ","") &" COMMENT "&" '"&C8&"'" -> ,LGN_OS VARCHAR (20) COMMENT 'OS'
B9: LGN_BROWSER | C9: 브라우져 | D9: VARCHAR | E9: 30 | J9: =" ,"&B9&" "&D9&" " & IF(E9<>"","("&E9&") "," ") & IF(F9="N","NOT NULL ","") &" COMMENT "&" '"&C9&"'" -> ,LGN_BROWSER VARCHAR (30) COMMENT '브라우져'
B10: CRE_DTM | C10: 로그인일시 | D10: DATETIME | F10: N | J10: =" ,"&B10&" "&D10&" " & IF(E10<>"","("&E10&") "," ") & IF(F10="N","NOT NULL DEFAULT CURRENT_TIMESTAMP ","") &" COMMENT "&" '"&C10&"'" -> ,CRE_DTM DATETIME NOT NULL DEFAULT CURRENT_TIMESTAMP COMMENT '로그인일시'
J11: =") " -> )
J12: ="COMMENT = '" &C3& "'; " -> COMMENT = '회원 로그인 이력';

Sheet 가맹점
B3: ='테이블 리스트'!B4 -> CRBN_STORE_INFO | C3: ='테이블 리스트'!C4 -> 가맹점 | J3: ="CREATE TABLE " & B3 -> CREATE TABLE CRBN_STORE_INFO
B4: 항목명 | C4: 코멘트 | D4: 타입 | E4: 길이 | F4: NULL | G4: PK | H4: 유니크 | J4: ="(" -> (
B5: STORE_ID | C5: 가맹점아이디 | D5: VARCHAR | E5: 20 | F5: N | G5: Y | H5: Y | J5: =" "&B5&" "&D5&" " & IF(E5<>"","("&E5&") "," ") & IF(F5="N","NOT NULL ","") &" COMMENT "&" '"&C5&"'" -> STORE_ID VARCHAR (20) NOT NULL COMMENT '가맹점아이디'
B6: BIS_NUM | C6: 사업자 등록번호 | D6: VARCHAR | E6: 10 | F6: N | H6: Y | J6: =" ,"&B6&" "&D6&" " & IF(E6<>"","("&E6&") "," ") & IF(F6="N","NOT NULL ","") &" COMMENT "&" '"&C6&"'" -> ,BIS_NUM VARCHAR (10) NOT NULL COMMENT '사업자 등록번호'
B7: STORE_PWD | C7: 비밀번호 | D7: VARCHAR | E7: 100 | F7: N | J7: =" ,"&B7&" "&D7&" " & IF(E7<>"","("&E7&") "," ") & IF(F7="N","NOT NULL ","") &" COMMENT "&" '"&C7&"'" -> ,STORE_PWD VARCHAR (100) NOT NULL COMMENT '비밀번호'
B8: STORE_CELL_NUM | C8: 휴대폰번호 | D8: VARCHAR | E8: 11 | F8: N | H8: Y | J8: =" ,"&B8&" "&D8&" " & IF(E8<>"","("&E8&") "," ") & IF(F8="N","NOT NULL ","") &" COMMENT "&" '"&C8&"'" -> ,STORE_CELL_NUM VARCHAR (11) NOT NULL COMMENT '휴대폰번호'
B9: STORE_CEO_NM | C9: 대표자 성명 | D9: VARCHAR | E9: 80 | F9: N | J9: =" ,"&B9&" "&D9&" " & IF(E9<>"","("&E9&") "," ") & IF(F9="N","NOT NULL ","") &" COMMENT "&" '"&C9&"'" -> ,STORE_CEO_NM VARCHAR (80) NOT NULL COMMENT '대표자 성명'
B10: STORE_NM | C10: 상호 | D10: VARCHAR | E10: 100 | F10: N | J10: =" ,"&B10&" "&D10&" " & IF(E10<>"","("&E10&") "," ") & IF(F10="N","NOT NULL ","") &" COMMENT "&" '"&C10&"'" -> ,STORE_NM VARCHAR (100) NOT NULL COMMENT '상호'
B11: STORE_NO_IMG | C11: 사업자등록증 이미지 파일 경로 | D11: VARCHAR | E11: 100 | J11: =" ,"&B11&" "&D11&" " & IF(E11<>"","("&E11&") "," ") & IF(F11="N","NOT NULL ","") &" COMMENT "&" '"&C11&"'" -> ,STORE_NO_IMG VARCHAR (100) COMMENT '사업자등록증 이미지 파일 경로'
B12: STORE_IMG | C12: 사업장 사진 이미지 파일 경로 | D12: VARCHAR | E12: 100 | J12: =" ,"&B12&" "&D12&" " & IF(E12<>"","("&E12&") "," ") & IF(F12="N","NOT NULL ","") &" COMMENT "&" '"&C12&"'" -> ,STORE_IMG VARCHAR (100) COMMENT '사업장 사진 이미지 파일 경로'
B13: =#REF! -> #REF! | C13: =#REF! -> #REF! | D13: VARCHAR | E13: 20 | J13: =" ,"&B13&" "&D13&" " & IF(E13<>"","("&E13&") "," ") & IF(F13="N","NOT NULL ","") &" COMMENT "&" '"&C13&"'" -> #REF!
B14: CHG_PWD_DTM | C14: 패스워드 변경일 | D14: VARCHAR | E14: 14 | J14: =" ,"&B14&" "&D14&" " & IF(E14<>"","("&E14&") "," ") & IF(F14="N","NOT NULL ","") &" COMMENT "&" '"&C14&"'" -> ,CHG_PWD_DTM VARCHAR (14) COMMENT '패스워드 변경일'
B15: LST_LGN_DTM | C15: 마지막 로그인 일시 | D15: VARCHAR | E15: 14 | J15: =" ,"&B15&" "&D15&" " & IF(E15<>"","("&E15&") "," ") & IF(F15="N","NOT NULL ","") &" COMMENT "&" '"&C15&"'" -> ,LST_LGN_DTM VARCHAR (14) COMMENT '마지막 로그인 일시'
B16: CRE_DTM | C16: 생성일시 | D16: DATETIME | F16: N | J16: =" ,"&B16&" "&D16&" " & IF(E16<>"","("&E16&") "," ") & IF(F16="N","NOT NULL DEFAULT CURRENT_TIMESTAMP ","") &" COMMENT "&" '"&C16&"'" -> ,CRE_DTM DATETIME NOT NULL DEFAULT CURRENT_TIMESTAMP COMMENT '생성일시'
B17: CHG_DTM | C17: 변경일시 | D17: DATETIME | J17: =" ,"&B17&" "&D17&" " & IF(E17<>"","("&E17&") "," ") & IF(F17="N","NOT NULL ","") &" COMMENT "&" '"&C17&"'" -> ,CHG_DTM DATETIME COMMENT '변경일시'
J18: =", PRIMARY KEY (`"&B5&"`) " -> , PRIMARY KEY (`STORE_ID`)
J19: =", UNIQUE KEY BISNUM (`"&B6&"`) " -> , UNIQUE KEY BISNUM (`BIS_NUM`)
J20: =", UNIQUE KEY CELLNUM (`"&B8&"`) " -> , UNIQUE KEY CELLNUM (`STORE_CELL_NUM`)
J21: =") COMMENT = '" &C3& "'; " -> ) COMMENT = '가맹점';

Sheet 가맹점로그인이력
B3: ='테이블 리스트'!B5 -> CRBN_STORE_LGN_HST | C3: ='테이블 리스트'!C5 -> 가맹점 로그인 이력 | J3: ="CREATE TABLE " & B3 -> CREATE TABLE CRBN_STORE_LGN_HST
B4: 항목명 | C4: 코멘트 | D4: 타입 | E4: 길이 | F4: NULL | G4: PK | H4: 유니크 | J4: ="(" -> (
B5: LGN_SEQ | C5: 로그인순번 | D5: INT | F5: N | G5: Y | H5: Y | J5: =" " &B5 & " " & D5 & IF(E5<>"","("&E5&") "," ") & IF(F5="N","NOT NULL ","")&" primary key auto_increment COMMENT " & " '" & C5 & "'" -> LGN_SEQ INT NOT NULL primary key auto_increment COMMENT '로그인순번'
B6: STORE_ID | C6: 가맹점아이디 | D6: VARCHAR | E6: 20 | F6: N | J6: =" ,"&B6&" "&D6&" " & IF(E6<>"","("&E6&") "," ") & IF(F6="N","NOT NULL ","") &" COMMENT "&" '"&C6&"'" -> ,STORE_ID VARCHAR (20) NOT NULL COMMENT '가맹점아이디'
B7: LGN_IP | C7: 아이피 | D7: VARCHAR | E7: 20 | F7: N | J7: =" ,"&B7&" "&D7&" " & IF(E7<>"","("&E7&") "," ") & IF(F7="N","NOT NULL ","") &" COMMENT "&" '"&C7&"'" -> ,LGN_IP VARCHAR (20) NOT NULL COMMENT '아이피'
B8: LGN_OS | C8: OS | D8: VARCHAR | E8: 20 | J8: =" ,"&B8&" "&D8&" " & IF(E8<>"","("&E8&") "," ") & IF(F8="N","NOT NULL ","") &" COMMENT "&" '"&C8&"'" -> ,LGN_OS VARCHAR (20) COMMENT 'OS'
B9: LGN_BROWSER | C9: 브라우져 | D9: VARCHAR | E9: 30 | J9: =" ,"&B9&" "&D9&" " & IF(E9<>"","("&E9&") "," ") & IF(F9="N","NOT NULL ","") &" COMMENT "&" '"&C9&"'" -> ,LGN_BROWSER VARCHAR (30) COMMENT '브라우져'
B10: CRE_DTM | C10: 로그인일시 | D10: DATETIME | F10: N | J10: =" ,"&B10&" "&D10&" " & IF(E10<>"","("&E10&") "," ") & IF(F10="N","NOT NULL DEFAULT CURRENT_TIMESTAMP ","") &" COMMENT "&" '"&C10&"'" -> ,CRE_DTM DATETIME NOT NULL DEFAULT CURRENT_TIMESTAMP COMMENT '로그인일시'
J11: =") " -> )
J12: ="COMMENT = '" &C3& "'; " -> COMMENT = '가맹점 로그인 이력';

Sheet 디지털 QR 정보
B3: ='테이블 리스트'!B6 -> CRBN_DGT_QR_INFO | C3: ='테이블 리스트'!C6 -> 디지털 QR 정보 | J3: ="CREATE TABLE " & B3 -> CREATE TABLE CRBN_DGT_QR_INFO
B4: 항목명 | C4: 코멘트 | D4: 타입 | E4: 길이 | F4: NULL | G4: PK | H4: 유니크 | J4: ="(" -> (
B5: DGT_QR_CD | C5: 디지털 QR코드 | D5: VARCHAR | E5: 12 | F5: N | G5: Y | J5: =" "&B5&" "&D5&" " & IF(E5<>"","("&E5&") "," ") & IF(F5="N","NOT NULL ","") &" COMMENT "&" '"&C5&"'" -> DGT_QR_CD VARCHAR (12) NOT NULL COMMENT '디지털 QR코드 '
B6: DGT_QR_CD | C6: 디지털 QR코드 이미지 | D6: BLOB | F6: N | J6: =" ,"&B6&" "&D6&" " & IF(E6<>"","("&E6&") "," ") & IF(F6="N","NOT NULL ","") &" COMMENT "&" '"&C6&"'" -> ,DGT_QR_CD BLOB NOT NULL COMMENT '디지털 QR코드 이미지'
B7: QR_STAT | C7: QR 상태 | D7: VARCHAR | E7: 1 | J7: =" ,"&B7&" "&D7&" " & IF(E7<>"","("&E7&") "," ") & IF(F7="N","NOT NULL ","") &" COMMENT "&" '"&C7&"'" -> ,QR_STAT VARCHAR (1) COMMENT 'QR 상태'
B8: QR_USE_AVAIL_DTM | C8: 사용등록 일시 | D8: DATETIME | J8: =" ,"&B8&" "&D8&" " & IF(E8<>"","("&E8&") "," ") & IF(F8="N","NOT NULL ","") &" COMMENT "&" '"&C8&"'" -> ,QR_USE_AVAIL_DTM DATETIME COMMENT '사용등록 일시'
B9: CRBN_ADM_ID | C9: 사용등록 담당자 | D9: VARCHAR | E9: 20 | J9: =" ,"&B9&" "&D9&" " & IF(E9<>"","("&E9&") "," ") & IF(F9="N","NOT NULL ","") &" COMMENT "&" '"&C9&"'" -> ,CRBN_ADM_ID VARCHAR (20) COMMENT '사용등록 담당자'
B10: CRE_DTM | C10: 생성일시 | D10: DATETIME | F10: N | J10: =" ,"&B10&" "&D10&" " & IF(E10<>"","("&E10&") "," ") & IF(F10="N","NOT NULL DEFAULT CURRENT_TIMESTAMP ","") &" COMMENT "&" '"&C10&"'" -> ,CRE_DTM DATETIME NOT NULL DEFAULT CURRENT_TIMESTAMP COMMENT '생성일시'
B11: CHG_DTM | C11: 변경일시 | D11: DATETIME | J11: =" ,"&B11&" "&D11&" " & IF(E11<>"","("&E11&") "," ") & IF(F11="N","NOT NULL ","") &" COMMENT "&" '"&C11&"'" -> ,CHG_DTM DATETIME COMMENT '변경일시'
J12: =", PRIMARY KEY (`"&B5&"`) )" -> , PRIMARY KEY (`DGT_QR_CD`) )
J13: ="COMMENT = '" &C3& "'; " -> COMMENT = '디지털 QR 정보';

Sheet 종이 QR 정보
B3: ='테이블 리스트'!B7 -> CRBN_PPR_QR_INFO | C3: ='테이블 리스트'!C7 -> 종이 QR 정보 | J3: ="CREATE TABLE " & B3 -> CREATE TABLE CRBN_PPR_QR_INFO
B4: 항목명 | C4: 코멘트 | D4: 타입 | E4: 길이 | F4: NULL | G4: PK | H4: 유니크 | J4: ="(" -> (
B5: PPR_QR_CD | C5: 종이 QR코드 | D5: VARCHAR | E5: 12 | F5: N | G5: Y | J5: =" "&B5&" "&D5&" " & IF(E5<>"","("&E5&") "," ") & IF(F5="N","NOT NULL ","") &" COMMENT "&" '"&C5&"'" -> PPR_QR_CD VARCHAR (12) NOT NULL COMMENT '종이 QR코드 '
B6: PARTY_CD | C6: 소속코드 | D6: VARCHAR | E6: 20 | F6: N | J6: =" ,"&B6&" "&D6&" " & IF(E6<>"","("&E6&") "," ") & IF(F6="N","NOT NULL ","") &" COMMENT "&" '"&C6&"'" -> ,PARTY_CD VARCHAR (20) NOT NULL COMMENT '소속코드'
B7: QR_PRINT_YN | C7: 종이 QR 상태 | D7: VARCHAR | E7: 1 | J7: =" ,"&B7&" "&D7&" " & IF(E7<>"","("&E7&") "," ") & IF(F7="N","NOT NULL ","") &" COMMENT "&" '"&C7&"'" -> ,QR_PRINT_YN VARCHAR (1) COMMENT '종이 QR 상태'
B8: QR_PRINT_DTM | C8: 출력일시 | D8: DATETIME | J8: =" ,"&B8&" "&D8&" " & IF(E8<>"","("&E8&") "," ") & IF(F8="N","NOT NULL ","") &" COMMENT "&" '"&C8&"'" -> ,QR_PRINT_DTM DATETIME COMMENT '출력일시'
B9: QR_PRINT_ID | C9: 출력처리 담당자 | D9: VARCHAR | E9: 20 | J9: =" ,"&B9&" "&D9&" " & IF(E9<>"","("&E9&") "," ") & IF(F9="N","NOT NULL ","") &" COMMENT "&" '"&C9&"'" -> ,QR_PRINT_ID VARCHAR (20) COMMENT '출력처리 담당자'
B10: QR_SALE_DTM | C10: 판매일시 | D10: DATETIME | J10: =" ,"&B10&" "&D10&" " & IF(E10<>"","("&E10&") "," ") & IF(F10="N","NOT NULL ","") &" COMMENT "&" '"&C10&"'" -> ,QR_SALE_DTM DATETIME COMMENT '판매일시'
B11: QR_SALE_ID | C11: 판매 담당자 | D11: VARCHAR | E11: 20 | J11: =" ,"&B11&" "&D11&" " & IF(E11<>"","("&E11&") "," ") & IF(F11="N","NOT NULL ","") &" COMMENT "&" '"&C11&"'" -> ,QR_SALE_ID VARCHAR (20) COMMENT '판매 담당자'
B12: QR_USE_DTM | C12: 사용등록 일시 | D12: DATETIME | J12: =" ,"&B12&" "&D12&" " & IF(E12<>"","("&E12&") "," ") & IF(F12="N","NOT NULL ","") &" COMMENT "&" '"&C12&"'" -> ,QR_USE_DTM DATETIME COMMENT '사용등록 일시'
B13: QR_USE_ID | C13: 사용등록 담당자 | D13: VARCHAR | E13: 20 | J13: =" ,"&B13&" "&D13&" " & IF(E13<>"","("&E13&") "," ") & IF(F13="N","NOT NULL ","") &" COMMENT "&" '"&C13&"'" -> ,QR_USE_ID VARCHAR (20) COMMENT '사용등록 담당자'
B14: CRE_DTM | C14: 생성일시 | D14: DATETIME | F14: N | J14: =" ,"&B14&" "&D14&" " & IF(E14<>"","("&E14&") "," ") & IF(F14="N","NOT NULL DEFAULT CURRENT_TIMESTAMP ","") &" COMMENT "&" '"&C14&"'" -> ,CRE_DTM DATETIME NOT NULL DEFAULT CURRENT_TIMESTAMP COMMENT '생성일시'
B15: CHG_DTM | C15: 변경일시 | D15: DATETIME | J15: =" ,"&B15&" "&D15&" " & IF(E15<>"","("&E15&") "," ") & IF(F15="N","NOT NULL ","") &" COMMENT "&" '"&C15&"'" -> ,CHG_DTM DATETIME COMMENT '변경일시'
J16: =", PRIMARY KEY (`"&B5&"`) )" -> , PRIMARY KEY (`PPR_QR_CD`) )
J17: ="COMMENT = '" &C3& "'; " -> COMMENT = '종이 QR 정보';

Sheet 추후  QR 판매 정보
B3: ='테이블 리스트'!B8 -> CRBN_QR_SALE_INFO | C3: ='테이블 리스트'!C8 -> QR 판매 정보 | J3: ="CREATE TABLE " & B3 -> CREATE TABLE CRBN_QR_SALE_INFO
B4: 항목명 | C4: 코멘트 | D4: 타입 | E4: 길이 | F4: NULL | G4: PK | H4: 유니크 | J4: ="(" -> (
B5: SEQ | C5: 순번 | D5: int | F5: N | G5: Y | J5: =" " &B5 & " " & D5 & IF(E5<>"","("&E5&") "," ") & IF(F5="N","NOT NULL ","")&" primary key auto_increment COMMENT " & " '" & C5 & "'" -> SEQ int NOT NULL primary key auto_increment COMMENT '순번'
B6: PPR_QR_CD | C6: 종이 QR코드 | D6: VARCHAR | E6: 12 | F6: N | G6: Y | J6: =" "&B6&" "&D6&" " & IF(E6<>"","("&E6&") "," ") & IF(F6="N","NOT NULL ","") &" COMMENT "&" '"&C6&"'" -> PPR_QR_CD VARCHAR (12) NOT NULL COMMENT '종이 QR코드 '
B7: QR_PRINT_YN | C7: 종이 QR 상태 | D7: VARCHAR | E7: 1 | J7: =" ,"&B7&" "&D7&" " & IF(E7<>"","("&E7&") "," ") & IF(F7="N","NOT NULL ","") &" COMMENT "&" '"&C7&"'" -> ,QR_PRINT_YN VARCHAR (1) COMMENT '종이 QR 상태'
B8: QR_PRINT_DTM | C8: 출력일시 | D8: DATETIME | J8: =" ,"&B8&" "&D8&" " & IF(E8<>"","("&E8&") "," ") & IF(F8="N","NOT NULL ","") &" COMMENT "&" '"&C8&"'" -> ,QR_PRINT_DTM DATETIME COMMENT '출력일시'
B9: QR_PRINT_ID | C9: 출력처리 담당자 | D9: VARCHAR | E9: 20 | J9: =" ,"&B9&" "&D9&" " & IF(E9<>"","("&E9&") "," ") & IF(F9="N","NOT NULL ","") &" COMMENT "&" '"&C9&"'" -> ,QR_PRINT_ID VARCHAR (20) COMMENT '출력처리 담당자'
B10: QR_SALE_DTM | C10: 판매일시 | D10: DATETIME | J10: =" ,"&B10&" "&D10&" " & IF(E10<>"","("&E10&") "," ") & IF(F10="N","NOT NULL ","") &" COMMENT "&" '"&C10&"'" -> ,QR_SALE_DTM DATETIME COMMENT '판매일시'
B11: QR_SALE_ID | C11: 판매 담당자 | D11: VARCHAR | E11: 20 | J11: =" ,"&B11&" "&D11&" " & IF(E11<>"","("&E11&") "," ") & IF(F11="N","NOT NULL ","") &" COMMENT "&" '"&C11&"'" -> ,QR_SALE_ID VARCHAR (20) COMMENT '판매 담당자'
B12: QR_USE_DTM | C12: 사용등록 일시 | D12: DATETIME | J12: =" ,"&B12&" "&D12&" " & IF(E12<>"","("&E12&") "," ") & IF(F12="N","NOT NULL ","") &" COMMENT "&" '"&C12&"'" -> ,QR_USE_DTM DATETIME COMMENT '사용등록 일시'
B13: QR_USE_ID | C13: 사용등록 담당자 | D13: VARCHAR | E13: 20 | J13: =" ,"&B13&" "&D13&" " & IF(E13<>"","("&E13&") "," ") & IF(F13="N","NOT NULL ","") &" COMMENT "&" '"&C13&"'" -> ,QR_USE_ID VARCHAR (20) COMMENT '사용등록 담당자'
B14: CRE_DTM | C14: 생성일시 | D14: DATETIME | F14: N | J14: =" ,"&B14&" "&D14&" " & IF(E14<>"","("&E14&") "," ") & IF(F14="N","NOT NULL DEFAULT CURRENT_TIMESTAMP ","") &" COMMENT "&" '"&C14&"'" -> ,CRE_DTM DATETIME NOT NULL DEFAULT CURRENT_TIMESTAMP COMMENT '생성일시'
B15: CHG_DTM | C15: 변경일시 | D15: DATETIME | J15: =" ,"&B15&" "&D15&" " & IF(E15<>"","("&E15&") "," ") & IF(F15="N","NOT NULL ","") &" COMMENT "&" '"&C15&"'" -> ,CHG_DTM DATETIME COMMENT '변경일시'
J16: =", PRIMARY KEY (`"&B6&"`) )" -> , PRIMARY KEY (`PPR_QR_CD`) )
J17: ="COMMENT = '" &C3& "'; " -> COMMENT = 'QR 판매 정보';

Sheet QR 사용등록(매핑) 이력
B3: ='테이블 리스트'!B9 -> CRBN_QR_USE_INFO | C3: ='테이블 리스트'!C9 -> QR 사용등록(매핑) 이력 | J3: ="CREATE TABLE " & B3 -> CREATE TABLE CRBN_QR_USE_INFO
B4: 항목명 | C4: 코멘트 | D4: 타입 | E4: 길이 | F4: NULL | G4: PK | H4: 유니크 | J4: ="(" -> (
B5: PPR_QR_CD | C5: 종이 QR코드 | D5: VARCHAR | E5: 12 | F5: N | G5: Y | J5: =" "&B5&" "&D5&" " & IF(E5<>"","("&E5&") "," ") & IF(F5="N","NOT NULL ","") &" COMMENT "&" '"&C5&"'" -> PPR_QR_CD VARCHAR (12) NOT NULL COMMENT '종이 QR코드 '
B6: STORE_ID | C6: 가맹점아이디 | D6: VARCHAR | E6: 20 | F6: N | G6: Y | J6: =" "&B6&" "&D6&" " & IF(E6<>"","("&E6&") "," ") & IF(F6="N","NOT NULL ","") &" COMMENT "&" '"&C6&"'" -> STORE_ID VARCHAR (20) NOT NULL COMMENT '가맹점아이디'
B7: MBR_ID | C7: 회원아이디 | D7: VARCHAR | E7: 20 | F7: N | G7: Y | J7: =" ,"&B7&" "&D7&" " & IF(E7<>"","("&E7&") "," ") & IF(F7="N","NOT NULL ","") &" COMMENT "&" '"&C7&"'" -> ,MBR_ID VARCHAR (20) NOT NULL COMMENT '회원아이디'
B8: CRE_DTM | C8: 생성일시 | D8: DATETIME | F8: N | J8: =" ,"&B8&" "&D8&" " & IF(E8<>"","("&E8&") "," ") & IF(F8="N","NOT NULL DEFAULT CURRENT_TIMESTAMP ","") &" COMMENT "&" '"&C8&"'" -> ,CRE_DTM DATETIME NOT NULL DEFAULT CURRENT_TIMESTAMP COMMENT '생성일시'
J9: =", PRIMARY KEY (`"&B5&","&B6&","&B6&"`) )" -> , PRIMARY KEY (`PPR_QR_CD,STORE_ID,STORE_ID`) )
J10: ="COMMENT = '" &C3& "'; " -> COMMENT = 'QR 사용등록(매핑) 이력';

Sheet QR 사용이력
B3: ='테이블 리스트'!B10 -> CRBN_QR_USE_HST | C3: ='테이블 리스트'!C10 -> QR 사용이력 | J3: ="CREATE TABLE " & B3 -> CREATE TABLE CRBN_QR_USE_HST
B4: 항목명 | C4: 코멘트 | D4: 타입 | E4: 길이 | F4: NULL | G4: PK | H4: 유니크 | J4: ="(" -> (
B5: USE_SEQ | C5: 순번 | D5: int | F5: N | G5: Y | J5: =" " &B5 & " " & D5 & IF(E5<>"","("&E5&") "," ") & IF(F5="N","NOT NULL ","")&" primary key auto_increment COMMENT " & " '" & C5 & "'" -> USE_SEQ int NOT NULL primary key auto_increment COMMENT '순번'
B6: QR_CD | C6: QR코드 | D6: VARCHAR | E6: 12
B7: MBR_ID | C7: 회원아이디 | D7: VARCHAR | E7: 20 | F7: N | J7: =" ,"&B7&" "&D7&" " & IF(E7<>"","("&E7&") "," ") & IF(F7="N","NOT NULL ","") &" COMMENT "&" '"&C7&"'" -> ,MBR_ID VARCHAR (20) NOT NULL COMMENT '회원아이디'
B8: STORE_ID | C8: 가맹점아이디 | D8: VARCHAR | E8: 20 | F8: N | J8: =" ,"&B8&" "&D8&" " & IF(E8<>"","("&E8&") "," ") & IF(F8="N","NOT NULL ","") &" COMMENT "&" '"&C8&"'" -> ,STORE_ID VARCHAR (20) NOT NULL COMMENT '가맹점아이디'
B9: USE_DTM | C9: 사용일시 | D9: VARCHAR | E9: 14 | F9: N | J9: =" ,"&B9&" "&D9&" " & IF(E9<>"","("&E9&") "," ") & IF(F9="N","NOT NULL ","") &" COMMENT "&" '"&C9&"'" -> ,USE_DTM VARCHAR (14) NOT NULL COMMENT '사용일시'
J10: =", PRIMARY KEY (`"&B5&"`) )" -> , PRIMARY KEY (`USE_SEQ`) )
J11: ="COMMENT = '" &C3& "'; " -> COMMENT = 'QR 사용이력';
