Workbook

Sheet 테이블 리스트
B1: CRBN
B2: CRBN_BIS_INFO | C2: 기업(대리점, 스폰서) | D2: 생성
B3: CRBN_GVRNMT_INFO | C3: 지방자치단체 | D3: 생성
B4: CRBN_ADM_INFO | C4: 관리자 정보 | D4: 생성
B5: CRBN_ADM_LGN_HST | C5: 관리자 로그인 이력 | D5: 생성

Sheet 기업(대리점, 스폰서)
B3: ='테이블 리스트'!B2 -> CRBN_BIS_INFO | C3: ='테이블 리스트'!C2 -> 기업(대리점, 스폰서) | J3: ="CREATE TABLE " & B3 -> CREATE TABLE CRBN_BIS_INFO
B4: 항목명 | C4: 코멘트 | D4: 타입 | E4: 길이 | F4: NULL | G4: PK | H4: 유니크 | J4: ="(" -> (
B5: PARTY_CD | C5: 소속코드 | D5: VARCHAR | E5: 20 | F5: N | G5: Y | H5: Y | J5: =" "&B5&" "&D5&" " & IF(E5<>"","("&E5&") "," ") & IF(F5="N","NOT NULL ","") &" COMMENT "&" '"&C5&"'" -> PARTY_CD VARCHAR (20) NOT NULL COMMENT '소속코드'
B6: BIS_NUM | C6: 사업자 등록번호 | D6: VARCHAR | E6: 10 | H6: Y | J6: =" ,"&B6&" "&D6&" " & IF(E6<>"","("&E6&") "," ") & IF(F6="N","NOT NULL ","") &" COMMENT "&" '"&C6&"'" -> ,BIS_NUM VARCHAR (10) COMMENT '사업자 등록번호'
B7: BIS_NM | C7: 상호 | D7: VARCHAR | E7: 100 | J7: =" ,"&B7&" "&D7&" " & IF(E7<>"","("&E7&") "," ") & IF(F7="N","NOT NULL ","") &" COMMENT "&" '"&C7&"'" -> ,BIS_NM VARCHAR (100) COMMENT '상호'
B8: BIS_REP_NUM | C8: 대표 번호 | D8: VARCHAR | E8: 20 | J8: =" ,"&B8&" "&D8&" " & IF(E8<>"","("&E8&") "," ") & IF(F8="N","NOT NULL ","") &" COMMENT "&" '"&C8&"'" -> ,BIS_REP_NUM VARCHAR (20) COMMENT '대표 번호'
B9: AGENCY_CEO_NM | C9: 대표자 성명 | D9: VARCHAR | E9: 80 | J9: =" ,"&B9&" "&D9&" " & IF(E9<>"","("&E9&") "," ") & IF(F9="N","NOT NULL ","") &" COMMENT "&" '"&C9&"'" -> ,AGENCY_CEO_NM VARCHAR (80) COMMENT '대표자 성명'
B10: CRE_DTM | C10: 생성일시 | D10: DATETIME | F10: N | J10: =" ,"&B10&" "&D10&" " & IF(E10<>"","("&E10&") "," ") & IF(F10="N","NOT NULL DEFAULT CURRENT_TIMESTAMP ","") &" COMMENT "&" '"&C10&"'" -> ,CRE_DTM DATETIME NOT NULL DEFAULT CURRENT_TIMESTAMP COMMENT '생성일시'
B11: CHG_DTM | C11: 변경일시 | D11: DATETIME | J11: =" ,"&B11&" "&D11&" " & IF(E11<>"","("&E11&") "," ") & IF(F11="N","NOT NULL ","") &" COMMENT "&" '"&C11&"'" -> ,CHG_DTM DATETIME COMMENT '변경일시'
J12: =", PRIMARY KEY (`"&B5&"`) " -> , PRIMARY KEY (`PARTY_CD`)
J13: =", UNIQUE KEY "&B6&"(`"&B6&"`) " -> , UNIQUE KEY BIS_NUM(`BIS_NUM`)
J14: =") " -> )
J15: ="COMMENT = '" &C3& "'; " -> COMMENT = '기업(대리점, 스폰서)';

Sheet 지방자치단체
B3: ='테이블 리스트'!B3 -> CRBN_GVRNMT_INFO | C3: ='테이블 리스트'!C3 -> 지방자치단체 | J3: ="CREATE TABLE " & B3 -> CREATE TABLE CRBN_GVRNMT_INFO
B4: 항목명 | C4: 코멘트 | D4: 타입 | E4: 길이 | F4: NULL | G4: PK | H4: 유니크 | J4: ="(" -> (
B5: PARTY_CD | C5: 소속코드 | D5: VARCHAR | E5: 20 | F5: N | H5: Y | J5: =" "&B5&" "&D5&" " & IF(E5<>"","("&E5&") "," ") & IF(F5="N","NOT NULL ","") &" COMMENT "&" '"&C5&"'" -> PARTY_CD VARCHAR (20) NOT NULL COMMENT '소속코드'
B6: GVRNMT_REP_NUM | C6: 대표 번호 | D6: VARCHAR | E6: 20 | J6: =" ,"&B6&" "&D6&" " & IF(E6<>"","("&E6&") "," ") & IF(F6="N","NOT NULL ","") &" COMMENT "&" '"&C6&"'" -> ,GVRNMT_REP_NUM VARCHAR (20) COMMENT '대표 번호'
B7: GVRNMT_NM | C7: 지방자치단체 명 | D7: VARCHAR | E7: 80 | F7: N | J7: =" ,"&B7&" "&D7&" " & IF(E7<>"","("&E7&") "," ") & IF(F7="N","NOT NULL ","") &" COMMENT "&" '"&C7&"'" -> ,GVRNMT_NM VARCHAR (80) NOT NULL COMMENT '지방자치단체 명'
B8: GVRNMT_CI_IMG | C8: 지방자치단체 CI 이미지경로 | D8: VARCHAR | E8: 100 | F8: N | J8: =" ,"&B8&" "&D8&" " & IF(E8<>"","("&E8&") "," ") & IF(F8="N","NOT NULL ","") &" COMMENT "&" '"&C8&"'" -> ,GVRNMT_CI_IMG VARCHAR (100) NOT NULL COMMENT '지방자치단체 CI 이미지경로'
B9: GVRNMT_ADM_HOME | C9: 지방자치단체 관리자홈피 명 | D9: VARCHAR | E9: 100 | F9: N | J9: =" ,"&B9&" "&D9&" " & IF(E9<>"","("&E9&") "," ") & IF(F9="N","NOT NULL ","") &" COMMENT "&" '"&C9&"'" -> ,GVRNMT_ADM_HOME VARCHAR (100) NOT NULL COMMENT '지방자치단체 관리자홈피 명'
B10: GVRNMT_SVC_IND | C10: 서비스 구분(Y:시작) | D10: VARCHAR | E10: 1 | F10: N | J10: =" ,"&B10&" "&D10&" " & IF(E10<>"","("&E10&") "," ") & IF(F10="N","NOT NULL DEFAULT 'N' ","") &" COMMENT "&" '"&C10&"'" -> ,GVRNMT_SVC_IND VARCHAR (1) NOT NULL DEFAULT 'N' COMMENT '서비스 구분(Y:시작)'
B11: GVRNMT_SVC_STRT_DTM | C11: 서비스 시작일시 | D11: VARCHAR | E11: 14 | J11: =" ,"&B11&" "&D11&" " & IF(E11<>"","("&E11&") "," ") & IF(F11="N","NOT NULL ","") &" COMMENT "&" '"&C11&"'" -> ,GVRNMT_SVC_STRT_DTM VARCHAR (14) COMMENT '서비스 시작일시'
B12: GVRNMT_SVC_STOP_DTM | C12: 서비스 종료일시 | D12: VARCHAR | E12: 14 | J12: =" ,"&B12&" "&D12&" " & IF(E12<>"","("&E12&") "," ") & IF(F12="N","NOT NULL ","") &" COMMENT "&" '"&C12&"'" -> ,GVRNMT_SVC_STOP_DTM VARCHAR (14) COMMENT '서비스 종료일시'
B13: CRE_DTM | C13: 생성일시 | D13: DATETIME | F13: N | J13: =" ,"&B13&" "&D13&" " & IF(E13<>"","("&E13&") "," ") & IF(F13="N","NOT NULL DEFAULT CURRENT_TIMESTAMP ","") &" COMMENT "&" '"&C13&"'" -> ,CRE_DTM DATETIME NOT NULL DEFAULT CURRENT_TIMESTAMP COMMENT '생성일시'
B14: CHG_DTM | C14: 변경일시 | D14: DATETIME | J14: =" ,"&B14&" "&D14&" " & IF(E14<>"","("&E14&") "," ") & IF(F14="N","NOT NULL ","") &" COMMENT "&" '"&C14&"'" -> ,CHG_DTM DATETIME COMMENT '변경일시'
J15: =", PRIMARY KEY (`"&B5&"`) )" -> , PRIMARY KEY (`PARTY_CD`) )
J16: ="COMMENT = '" &C3& "'; " -> COMMENT = '지방자치단체';

Sheet 관리자 정보
B3: ='테이블 리스트'!B4 -> CRBN_ADM_INFO | C3: ='테이블 리스트'!C4 -> 관리자 정보 | J3: ="CREATE TABLE " & B3 -> CREATE TABLE CRBN_ADM_INFO
B4: 항목명 | C4: 코멘트 | D4: 타입 | E4: 길이 | F4: NULL | G4: PK | H4: 유니크 | J4: ="(" -> (
B5: CRBN_ADM_ID | C5: 관리자아이디 | D5: VARCHAR | E5: 20 | F5: N | G5: Y | H5: Y | J5: =" "&B5&" "&D5&" " & IF(E5<>"","("&E5&") "," ") & IF(F5="N","NOT NULL ","") &" COMMENT "&" '"&C5&"'" -> CRBN_ADM_ID VARCHAR (20) NOT NULL COMMENT '관리자아이디'
B6: CRBN_ADM_PWD | C6: 비밀번호 | D6: VARCHAR | E6: 100 | F6: N | J6: =" ,"&B6&" "&D6&" " & IF(E6<>"","("&E6&") "," ") & IF(F6="N","NOT NULL ","") &" COMMENT "&" '"&C6&"'" -> ,CRBN_ADM_PWD VARCHAR (100) NOT NULL COMMENT '비밀번호'
B7: CRBN_ADM_CELL_NUM | C7: 휴대폰번호 | D7: VARCHAR | E7: 11 | F7: N | J7: =" ,"&B7&" "&D7&" " & IF(E7<>"","("&E7&") "," ") & IF(F7="N","NOT NULL ","") &" COMMENT "&" '"&C7&"'" -> ,CRBN_ADM_CELL_NUM VARCHAR (11) NOT NULL COMMENT '휴대폰번호'
B8: CRBN_ADM_NM | C8: 이름 | D8: VARCHAR | E8: 80 | F8: N | J8: =" ,"&B8&" "&D8&" " & IF(E8<>"","("&E8&") "," ") & IF(F8="N","NOT NULL ","") &" COMMENT "&" '"&C8&"'" -> ,CRBN_ADM_NM VARCHAR (80) NOT NULL COMMENT '이름 '
B9: PARTY_GRP | C9: 소속그룹 | D9: VARCHAR | E9: 20 | F9: N | J9: =" ,"&B9&" "&D9&" " & IF(E9<>"","("&E9&") "," ") & IF(F9="N","NOT NULL ","") &" COMMENT "&" '"&C9&"'" -> ,PARTY_GRP VARCHAR (20) NOT NULL COMMENT '소속그룹'
B10: PARTY_CD | C10: 소속코드 | D10: VARCHAR | E10: 20 | F10: N | J10: =" ,"&B10&" "&D10&" " & IF(E10<>"","("&E10&") "," ") & IF(F10="N","NOT NULL ","") &" COMMENT "&" '"&C10&"'" -> ,PARTY_CD VARCHAR (20) NOT NULL COMMENT '소속코드'
B11: PARTY_GRADE | C11: 소속 등급 | D11: VARCHAR | E11: 1 | J11: =" ,"&B11&" "&D11&" " & IF(E11<>"","("&E11&") "," ") & IF(F11="N","NOT NULL ","") &" COMMENT "&" '"&C11&"'" -> ,PARTY_GRADE VARCHAR (1) COMMENT '소속 등급'
B12: CRBN_EMAIL | C12: 이메일 | D12: VARCHAR | E12: 100 | J12: =" ,"&B12&" "&D12&" " & IF(E12<>"","("&E12&") "," ") & IF(F12="N","NOT NULL ","") &" COMMENT "&" '"&C12&"'" -> ,CRBN_EMAIL VARCHAR (100) COMMENT '이메일'
B13: CRBN_DEPT | C13: 담당부서 | D13: VARCHAR | E13: 10 | J13: =" ,"&B13&" "&D13&" " & IF(E13<>"","("&E13&") "," ") & IF(F13="N","NOT NULL ","") &" COMMENT "&" '"&C13&"'" -> ,CRBN_DEPT VARCHAR (10) COMMENT '담당부서'
B14: CRBN_PSTN | C14: 직급 | D14: VARCHAR | E14: 50 | J14: =" ,"&B14&" "&D14&" " & IF(E14<>"","("&E14&") "," ") & IF(F14="N","NOT NULL ","") &" COMMENT "&" '"&C14&"'" -> ,CRBN_PSTN VARCHAR (50) COMMENT '직급'
B15: CHG_PWD_DTM | C15: 패스워드 변경일 | D15: VARCHAR | E15: 14 | J15: =" ,"&B15&" "&D15&" " & IF(E15<>"","("&E15&") "," ") & IF(F15="N","NOT NULL ","") &" COMMENT "&" '"&C15&"'" -> ,CHG_PWD_DTM VARCHAR (14) COMMENT '패스워드 변경일'
B16: LST_LGN_DTM | C16: 마지막 로그인 일시 | D16: VARCHAR | E16: 14 | J16: =" ,"&B16&" "&D16&" " & IF(E16<>"","("&E16&") "," ") & IF(F16="N","NOT NULL ","") &" COMMENT "&" '"&C16&"'" -> ,LST_LGN_DTM VARCHAR (14) COMMENT '마지막 로그인 일시'
B17: CRE_DTM | C17: 생성일시 | D17: DATETIME | F17: N | J17: =" ,"&B17&" "&D17&" " & IF(E17<>"","("&E17&") "," ") & IF(F17="N","NOT NULL DEFAULT CURRENT_TIMESTAMP ","") &" COMMENT "&" '"&C17&"'" -> ,CRE_DTM DATETIME NOT NULL DEFAULT CURRENT_TIMESTAMP COMMENT '생성일시'
B18: CHG_DTM | C18: 변경일시 | D18: DATETIME | J18: =" ,"&B18&" "&D18&" " & IF(E18<>"","("&E18&") "," ") & IF(F18="N","NOT NULL ","") &" COMMENT "&" '"&C18&"'" -> ,CHG_DTM DATETIME COMMENT '변경일시'
J19: =", PRIMARY KEY (`"&B5&"`) )" -> , PRIMARY KEY (`CRBN_ADM_ID`) )
J20: ="COMMENT = '" &C3& "'; " -> COMMENT = '관리자 정보';

Sheet 관리자로그인이력
B3: ='테이블 리스트'!B5 -> CRBN_ADM_LGN_HST | C3: ='테이블 리스트'!C5 -> 관리자 로그인 이력 | J3: ="CREATE TABLE " & B3 -> CREATE TABLE CRBN_ADM_LGN_HST
B4: 항목명 | C4: 코멘트 | D4: 타입 | E4: 길이 | F4: NULL | G4: PK | H4: 유니크 | J4: ="(" -> (
B5: LGN_SEQ | C5: 로그인순번 | D5: INT | F5: N | G5: Y | H5: Y | J5: =" " &B5 & " " & D5 & IF(E5<>"","("&E5&") "," ") & IF(F5="N","NOT NULL ","")&" primary key auto_increment COMMENT " & " '" & C5 & "'" -> LGN_SEQ INT NOT NULL primary key auto_increment COMMENT '로그인순번'
B6: CRBN_ADM_ID | C6: 관리자아이디 | D6: VARCHAR | E6: 20 | F6: N | J6: =" ,"&B6&" "&D6&" " & IF(E6<>"","("&E6&") "," ") & IF(F6="N","NOT NULL ","") &" COMMENT "&" '"&C6&"'" -> ,CRBN_ADM_ID VARCHAR (20) NOT NULL COMMENT '관리자아이디'
B7: LGN_IP | C7: 아이피 | D7: VARCHAR | E7: 20 | F7: N | J7: =" ,"&B7&" "&D7&" " & IF(E7<>"","("&E7&") "," ") & IF(F7="N","NOT NULL ","") &" COMMENT "&" '"&C7&"'" -> ,LGN_IP VARCHAR (20) NOT NULL COMMENT '아이피'
B8: LGN_OS | C8: OS | D8: VARCHAR | E8: 20 | J8: =" ,"&B8&" "&D8&" " & IF(E8<>"","("&E8&") "," ") & IF(F8="N","NOT NULL ","") &" COMMENT "&" '"&C8&"'" -> ,LGN_OS VARCHAR (20) COMMENT 'OS'
B9: LGN_BROWSER | C9: 브라우져 | D9: VARCHAR | E9: 30 | J9: =" ,"&B9&" "&D9&" " & IF(E9<>"","("&E9&") "," ") & IF(F9="N","NOT NULL ","") &" COMMENT "&" '"&C9&"'" -> ,LGN_BROWSER VARCHAR (30) COMMENT '브라우져'
B10: CRE_DTM | C10: 로그인일시 | D10: DATETIME | F10: N | J10: =" ,"&B10&" "&D10&" " & IF(E10<>"","("&E10&") "," ") & IF(F10="N","NOT NULL DEFAULT CURRENT_TIMESTAMP ","") &" COMMENT "&" '"&C10&"'" -> ,CRE_DTM DATETIME NOT NULL DEFAULT CURRENT_TIMESTAMP COMMENT '로그인일시'
J11: =") " -> )
J12: ="COMMENT = '" &C3& "'; " -> COMMENT = '관리자 로그인 이력';
